Rk,Player,Age,Team,Pos,G,GS,MP,PER,TS%,3PAr,FTr,ORB%,DRB%,TRB%,AST%,STL%,BLK%,TOV%,USG%,OWS,DWS,WS,WS/48,OBPM,DBPM,BPM,VORP,Awards,Player-additional
1,Tyrese Maxey,25,PHI,PG,45,45,1761,22.9,.599,.400,.273,0.9,11.1,5.9,30.1,2.5,2.1,9.1,29.2,4.7,1.9,6.6,.180,5.6,0.7,6.3,3.6,,maxeyty01
2,Amen Thompson,23,HOU,PG,46,46,1718,18.2,.570,.131,.340,8.4,14.3,11.4,20.7,1.9,1.5,13.4,20.5,3.4,2.2,5.5,.155,1.3,0.9,2.2,1.8,,thompam01
3,Scottie Barnes,24,TOR,PF,49,49,1690,19.4,.576,.208,.271,7.0,20.2,13.5,24.7,1.8,4.3,13.7,24.2,2.1,2.7,4.8,.136,1.8,2.0,3.8,2.4,,barnesc01
4,Mikal Bridges,29,NYK,SF,48,48,1661,16.8,.602,.442,.089,3.4,10.3,6.8,17.2,2.2,2.4,7.5,17.3,3.6,1.9,5.5,.158,2.3,1.4,3.7,2.4,,bridgmi01
5,DeMar DeRozan,36,SAC,PF,50,50,1654,17.7,.598,.159,.404,1.6,9.4,5.5,18.3,1.8,0.6,6.7,22.0,3.6,0.5,4.0,.116,0.7,-0.5,0.2,0.9,,derozde01
6,Toumani Camara,25,POR,PF,49,49,1654,10.4,.566,.667,.169,5.3,11.4,8.3,11.1,1.4,1.2,14.7,16.1,0.9,1.2,2.1,.061,-1.4,-0.4,-1.9,0.1,,camarto01
7,Trey Murphy III,25,NOP,SF,46,46,1645,18.4,.610,.515,.248,3.1,14.9,8.9,15.6,2.1,0.8,9.5,22.7,3.2,1.0,4.2,.121,2.8,-0.8,2.0,1.6,,murphtr02
8,Dyson Daniels,22,ATL,SG,48,48,1638,14.3,.520,.141,.167,7.0,14.1,10.5,24.8,2.6,1.2,15.3,16.3,1.2,1.9,3.1,.092,-1.4,1.3,-0.1,0.8,,daniedy01
9,Brandon Ingram,28,TOR,SF,48,48,1636,16.5,.569,.287,.268,2.8,16.7,9.6,17.1,1.2,2.2,11.8,27.3,0.7,1.9,2.7,.078,1.0,-0.5,0.5,1.0,,ingrabr01
10,Julius Randle,31,MIN,PF,49,49,1629,20.2,.598,.299,.407,5.4,17.0,11.3,24.6,1.7,0.6,12.2,26.8,3.7,2.1,5.8,.171,2.5,0.4,2.8,2.0,,randlju01
11,Kevin Durant,37,HOU,SF,44,44,1618,21.0,.635,.320,.341,1.5,14.8,8.1,19.5,0.9,2.3,12.8,27.1,4.5,1.8,6.3,.186,4.4,0.1,4.4,2.6,,duranke01
12,Keyonte George,22,UTA,PG,47,47,1615,18.6,.614,.409,.435,1.5,11.2,6.3,29.8,1.5,0.8,14.5,27.8,3.0,-0.1,2.9,.085,3.0,-2.4,0.6,1.1,,georgke01
13,Desmond Bane,27,ORL,SG,47,47,1605,15.3,.573,.336,.236,4.2,10.0,7.1,19.5,1.2,1.3,11.3,23.4,1.9,1.2,3.1,.093,0.6,-0.9,-0.3,0.7,,banede01
14,Jalen Johnson,24,ATL,SF,45,45,1599,20.9,.593,.274,.324,4.6,27.6,16.0,33.9,1.6,1.3,15.3,26.9,2.4,2.1,4.6,.137,2.9,1.1,4.0,2.4,,johnsja05
15,Nickeil Alexander-Walker,27,ATL,SG,48,41,1582,15.2,.586,.525,.248,1.8,9.8,5.8,15.1,1.6,1.7,10.7,24.7,1.1,1.3,2.4,.072,0.7,-1.1,-0.5,0.6,,alexani01
16,Jabari Smith Jr.,22,HOU,PF,45,45,1572,12.8,.544,.500,.207,4.9,17.0,10.9,7.4,1.2,2.4,9.0,18.0,1.7,2.0,3.6,.110,-1.0,0.0,-1.0,0.4,,smithja05
17,Shai Gilgeous-Alexander,27,OKC,PG,47,47,1571,31.6,.673,.235,.470,1.7,12.2,7.2,32.6,1.8,2.3,7.9,33.5,8.2,2.8,11.1,.338,9.2,2.6,11.8,5.4,,gilgesh01
18,Derrick White,31,BOS,SG,46,46,1568,16.4,.523,.576,.181,3.3,11.4,7.4,22.1,1.9,4.3,10.3,23.2,1.8,1.9,3.7,.114,2.1,0.5,2.6,1.8,,whitede01
19,Pascal Siakam,31,IND,PF,46,46,1564,18.8,.560,.267,.329,4.9,17.3,10.9,21.0,1.5,1.2,9.2,28.9,1.3,1.4,2.7,.084,2.3,-0.7,1.7,1.4,,siakapa01
20,Jamal Murray,28,DEN,PG,44,44,1561,22.8,.623,.393,.256,1.5,11.8,6.9,33.1,1.4,0.9,10.2,28.6,4.7,1.0,5.7,.175,5.9,-1.5,4.3,2.5,,murraja01
21,Donovan Mitchell,29,CLE,SG,46,46,1560,23.0,.618,.470,.291,2.7,12.6,7.6,28.3,2.0,0.6,11.7,32.6,3.8,1.6,5.4,.165,5.7,-0.3,5.4,2.9,,mitchdo01
22,Miles Bridges,27,CHO,PF,48,48,1559,16.3,.567,.448,.249,3.5,17.6,10.7,16.8,0.7,1.5,8.1,23.1,2.7,1.2,3.9,.120,1.6,-0.7,0.9,1.1,,bridgmi02
23,James Harden,36,LAC,PG,44,44,1559,21.9,.598,.505,.485,2.1,13.5,8.0,37.7,1.8,1.0,14.8,31.3,3.7,1.1,4.9,.150,4.8,-1.1,3.7,2.2,,hardeja01
24,Donte DiVincenzo,29,MIN,SG,49,49,1558,13.6,.573,.756,.141,3.7,12.1,7.9,17.7,2.1,1.4,11.4,17.3,1.9,2.1,4.0,.122,0.6,1.0,1.6,1.4,,divindo01
25,Payton Pritchard,28,BOS,PG,47,47,1538,17.5,.575,.520,.138,3.2,11.4,7.3,23.2,1.2,0.3,7.0,20.9,4.0,1.2,5.1,.160,2.7,-0.7,2.0,1.5,,pritcpa01
26,Kon Knueppel,20,CHO,SF,48,47,1531,17.3,.644,.580,.201,4.3,14.6,9.6,17.4,1.1,0.6,12.7,22.2,3.4,1.1,4.5,.140,3.2,-0.7,2.4,1.7,,knuepko01
27,VJ Edgecombe,20,PHI,SG,43,43,1531,13.0,.534,.433,.185,5.1,11.7,8.3,16.8,2.1,1.3,11.5,19.0,1.0,1.5,2.5,.078,-1.0,0.1,-0.8,0.5,,edgecvj01
28,Immanuel Quickley,26,TOR,PG,47,47,1527,16.2,.570,.521,.243,1.9,13.6,7.7,27.1,1.8,0.3,10.2,21.5,2.3,1.7,4.0,.127,1.6,0.3,1.9,1.5,,quickim01
29,Deni Avdija,25,POR,SF,44,44,1523,20.8,.610,.382,.570,3.4,19.2,11.2,31.5,1.1,1.6,15.8,29.1,3.4,1.5,4.9,.153,4.2,0.3,4.5,2.5,,avdijde01
30,Jaylen Brown,29,BOS,SF,44,44,1514,22.6,.574,.266,.324,4.0,17.8,10.9,24.6,1.5,1.2,12.3,36.6,2.3,1.7,4.1,.129,3.7,-0.8,2.9,1.9,,brownja02
31,Jaden McDaniels,25,MIN,PF,47,47,1506,14.0,.614,.310,.230,3.9,11.1,7.6,12.6,1.5,2.7,12.8,18.1,1.9,1.9,3.7,.119,-0.7,0.7,0.0,0.8,,mcdanja02
32,Onyeka Okongwu,25,ATL,C,47,36,1503,15.9,.590,.433,.217,6.4,20.5,13.4,14.8,1.8,2.7,12.6,20.6,1.4,1.9,3.3,.104,-0.4,0.3,-0.1,0.7,,okongon01
33,Cooper Flagg,19,DAL,SF,44,44,1493,16.7,.559,.227,.280,3.7,16.1,10.1,18.7,1.7,1.9,11.2,24.3,0.9,2.0,2.9,.093,0.1,0.8,0.9,1.1,,flaggco01
34,Rudy Gobert,33,MIN,C,47,47,1477,17.5,.680,.003,.635,13.4,25.5,19.5,7.5,1.1,4.6,14.2,12.4,3.1,2.5,5.7,.184,-0.1,1.1,1.0,1.1,,goberru01
35,Jalen Brunson,29,NYK,PG,43,43,1477,21.1,.594,.375,.282,1.5,8.5,5.0,28.7,0.9,0.3,8.9,31.2,4.3,0.9,5.2,.169,4.7,-1.6,3.1,1.9,,brunsja01
36,Anthony Black,22,ORL,PG,47,27,1466,14.5,.568,.383,.310,2.6,12.2,7.3,19.6,2.1,2.0,13.9,22.1,0.8,1.6,2.4,.077,-0.5,0.4,-0.1,0.7,,blackan01
37,Nikola Vučević,35,CHI,C,47,47,1458,18.5,.587,.332,.111,7.3,23.9,15.8,18.5,1.0,1.8,9.1,21.7,2.4,1.4,3.7,.123,2.0,-0.1,1.8,1.4,,vucevni01
38,Ryan Rollins,23,MIL,PG,46,41,1456,16.1,.567,.425,.151,3.1,12.9,8.0,26.2,2.4,1.3,13.2,23.2,1.2,1.4,2.6,.085,0.4,0.0,0.4,0.9,,rolliry01
39,Cade Cunningham,24,DET,PG,41,41,1449,21.6,.564,.301,.358,3.1,14.3,8.8,43.1,2.0,2.3,14.3,30.6,3.0,2.3,5.2,.174,4.5,1.2,5.6,2.8,,cunnica01
40,Royce O'Neale,32,PHO,SF,49,44,1437,11.4,.594,.813,.063,2.4,16.1,9.2,13.6,2.0,1.0,15.1,14.6,1.1,1.9,2.9,.098,-0.4,1.1,0.8,1.0,,onealro01
41,Russell Westbrook,37,SAC,SF,48,42,1423,15.4,.535,.444,.219,5.4,17.3,11.3,34.3,2.3,0.5,19.2,25.7,-0.4,0.9,0.5,.017,0.7,-0.7,-0.1,0.7,,westbru01
42,Karl-Anthony Towns,30,NYK,C,45,45,1421,20.6,.594,.328,.443,10.4,31.0,20.4,13.5,1.3,2.1,13.1,25.8,2.9,2.2,5.1,.173,2.0,0.0,1.9,1.4,,townska01
43,Luka Dončić,26,LAL,PG,39,39,1410,28.1,.617,.462,.505,2.7,22.0,12.6,42.5,2.1,1.3,13.5,37.9,4.5,1.5,6.0,.203,7.7,0.7,8.4,3.7,,doncilu01
44,Andrew Wiggins,30,MIA,SF,45,45,1409,14.4,.568,.367,.174,5.9,10.5,8.2,12.9,1.7,2.7,11.3,20.0,1.0,1.6,2.6,.089,0.0,0.4,0.4,0.9,,wiggian01
45,Evan Mobley,24,CLE,PF,42,40,1402,18.6,.576,.278,.338,7.4,21.2,14.2,17.6,1.3,5.4,11.9,21.9,1.9,2.0,3.9,.132,1.2,1.4,2.6,1.6,,mobleev01
46,Devin Booker,29,PHO,SG,41,41,1394,19.7,.580,.297,.438,2.7,10.6,6.6,29.7,1.3,0.8,13.1,31.2,2.8,1.3,4.0,.139,2.7,-0.9,1.8,1.3,,bookede01
47,Peyton Watson,23,DEN,SF,46,36,1393,14.6,.602,.338,.324,3.6,14.3,9.2,9.0,1.6,3.5,12.2,20.2,1.0,1.3,2.4,.081,-0.5,-0.5,-1.0,0.3,,watsope01
48,Naji Marshall,28,DAL,SF,47,24,1375,16.3,.633,.287,.392,3.3,14.0,8.8,14.7,1.7,0.3,10.8,18.7,2.4,1.6,4.0,.139,0.0,0.9,0.9,1.0,,marshna01
49,Anthony Edwards,24,MIN,SG,39,39,1373,22.5,.623,.412,.341,1.9,14.1,8.1,17.8,1.8,2.0,10.4,31.4,2.9,1.8,4.7,.164,5.2,0.2,5.4,2.5,,edwaran01
50,Shaedon Sharpe,22,POR,SG,45,39,1362,16.1,.552,.347,.234,3.7,12.8,8.2,15.5,2.4,0.4,13.4,30.6,-0.1,1.3,1.3,.044,0.1,-0.9,-0.8,0.4,,sharpsh01
51,Wendell Carter Jr.,26,ORL,C,45,45,1358,14.5,.620,.404,.347,8.1,19.2,13.6,10.1,1.1,2.2,11.1,15.6,2.3,1.4,3.7,.132,-0.4,0.3,-0.1,0.6,,cartewe01
52,CJ McCollum,34,2TM,PG,45,36,1356,15.4,.566,.447,.192,2.4,10.0,6.2,18.8,1.1,1.0,9.2,25.1,1.2,0.2,1.4,.050,1.0,-2.4,-1.3,0.2,,mccolcj01
53,CJ McCollum,34,WAS,SG,35,35,1082,15.3,.573,.461,.193,2.2,9.9,6.0,18.3,1.1,0.7,9.2,24.3,1.2,0.0,1.2,.053,1.1,-2.7,-1.6,0.1,,mccolcj01
54,CJ McCollum,34,ATL,PG,10,1,274,15.5,.540,.396,.188,3.1,10.4,6.7,20.5,1.4,2.0,9.3,28.1,0.0,0.2,0.2,.036,0.7,-1.2,-0.5,0.1,,mccolcj01
55,Collin Gillespie,26,PHO,PG,48,29,1352,16.8,.604,.652,.124,3.8,12.5,8.1,23.9,2.4,0.8,13.4,19.3,2.5,1.7,4.2,.150,2.8,1.0,3.8,2.0,,gilleco01
56,Jaren Jackson Jr.,26,MEM,C,44,44,1352,15.0,.571,.328,.270,3.2,16.6,9.9,9.9,1.6,4.7,11.9,25.3,0.1,1.9,1.9,.069,-1.5,0.8,-0.7,0.5,,jacksja02
57,Matas Buzelis,21,CHI,PF,48,48,1346,15.1,.595,.470,.257,4.5,15.8,10.2,10.2,1.2,4.2,11.7,21.4,0.9,1.2,2.2,.077,-0.6,-0.3,-0.9,0.4,,buzelma01
58,Bub Carrington,20,WAS,PG,47,18,1341,9.2,.547,.606,.153,1.7,12.2,6.9,22.1,1.1,0.7,20.8,17.0,-0.4,0.2,-0.2,-0.008,-2.6,-2.0,-4.6,-0.9,,carrica01
59,Brandin Podziemski,22,GSW,SG,50,18,1340,14.2,.579,.471,.269,2.8,16.4,9.5,19.4,2.1,0.6,12.4,18.8,1.4,1.7,3.1,.111,-0.4,0.7,0.3,0.8,,podzibr01
60,Julian Champagnie,24,SAS,SF,47,33,1340,12.9,.600,.769,.224,3.7,19.0,11.5,6.8,1.4,1.2,9.4,15.7,1.4,1.9,3.3,.120,0.3,0.6,0.9,1.0,,champju02
61,Nic Claxton,26,BRK,C,45,44,1336,18.5,.600,.031,.422,9.6,20.2,14.6,22.4,1.3,4.3,12.5,17.3,2.7,1.2,3.9,.141,0.7,1.2,1.9,1.3,,claxtni01
62,Dillon Brooks,30,PHO,SF,43,43,1330,15.1,.561,.404,.226,2.4,10.6,6.4,9.6,1.7,0.6,9.0,28.1,1.0,1.4,2.3,.084,-0.3,-0.9,-1.3,0.3,,brookdi01
63,Alperen Şengün,23,HOU,C,39,39,1329,21.7,.560,.126,.363,9.7,19.7,14.7,28.9,2.1,2.7,14.8,27.1,2.4,2.1,4.5,.164,3.1,1.7,4.8,2.2,,sengual01
64,Harrison Barnes,33,SAS,PF,47,47,1319,11.0,.581,.602,.202,3.0,8.0,5.5,10.2,1.2,0.5,9.2,15.0,1.4,1.3,2.7,.097,-0.8,0.0,-0.8,0.4,,barneha02
65,Norman Powell,32,MIA,SG,43,43,1319,18.1,.612,.444,.347,1.2,11.1,6.1,13.0,1.7,0.7,9.5,27.4,2.0,1.4,3.4,.122,2.2,-0.1,2.1,1.4,,powelno01
66,Quentin Grimes,25,PHI,SG,43,7,1312,13.0,.588,.570,.336,2.2,11.8,6.9,17.2,1.6,1.3,14.9,18.4,1.2,1.1,2.3,.085,-0.7,-0.3,-0.9,0.3,,grimequ01
67,Tim Hardaway Jr.,33,DEN,SG,48,5,1307,14.4,.629,.696,.215,0.9,9.1,5.2,7.3,0.9,0.5,3.9,18.9,2.5,0.5,2.9,.108,1.8,-2.2,-0.4,0.5,,hardati02
68,Max Christie,22,DAL,SG,44,35,1296,12.7,.639,.611,.212,0.8,11.3,6.2,10.3,0.8,1.0,9.9,16.3,1.6,1.1,2.8,.102,0.2,0.0,0.3,0.7,,chrisma02
69,Saddiq Bey,26,NOP,SF,43,35,1296,17.2,.569,.418,.313,6.2,15.2,10.6,11.4,1.6,0.1,4.4,20.3,2.7,0.5,3.2,.119,2.4,-1.7,0.7,0.9,,beysa01
70,Duncan Robinson,31,DET,SF,45,45,1290,11.1,.602,.787,.153,1.5,8.7,5.1,8.6,1.1,1.2,6.7,15.2,1.8,1.4,3.2,.119,-0.1,-0.2,-0.3,0.6,,robindu01
71,Jeremiah Fears,19,NOP,PG,50,44,1289,12.6,.515,.270,.230,3.1,12.5,7.7,17.5,2.3,1.0,14.7,24.6,-0.9,0.7,-0.2,-0.006,-2.3,-1.4,-3.8,-0.6,,fearsje01
72,Naz Reid,26,MIN,C,49,2,1288,16.9,.598,.552,.137,4.8,21.4,13.2,13.7,1.7,3.0,12.0,22.1,1.4,2.1,3.5,.129,1.2,1.1,2.3,1.4,,reidna01
73,Jake LaRavia,24,LAL,PF,47,26,1286,12.5,.572,.484,.273,6.5,11.4,9.0,9.9,2.5,1.6,12.0,14.6,1.2,1.1,2.3,.087,-1.1,0.1,-1.0,0.3,,laravja01
74,Kris Dunn,31,LAC,PG,47,41,1280,11.4,.591,.478,.165,3.6,8.7,6.2,16.1,2.8,0.6,16.1,12.9,1.1,1.0,2.1,.080,-2.2,1.0,-1.2,0.3,,dunnkr01
75,Bam Adebayo,28,MIA,C,41,41,1280,17.3,.550,.321,.299,6.9,25.4,16.1,13.0,1.4,2.1,9.9,23.6,1.0,2.0,3.0,.111,1.0,0.5,1.5,1.1,,adebaba01
76,Jaime Jaquez Jr.,24,MIA,SF,44,1,1274,15.6,.576,.149,.267,4.7,14.3,9.5,23.7,1.3,0.6,14.3,21.7,1.2,1.3,2.5,.095,-0.2,0.3,0.1,0.7,,jaqueja01
77,Derik Queen,21,NOP,C,49,37,1273,16.5,.549,.090,.338,7.1,24.1,15.4,24.3,1.9,3.4,18.4,22.0,0.4,1.3,1.7,.064,-1.1,0.7,-0.4,0.5,,queende01
78,Paolo Banchero,23,ORL,PF,37,37,1272,18.1,.564,.236,.506,3.7,24.9,14.1,22.1,1.0,1.7,12.7,27.1,1.2,1.4,2.6,.099,1.6,0.2,1.7,1.2,,banchpa01
79,Myles Turner,29,MIL,C,44,44,1265,14.7,.588,.589,.288,4.9,16.7,10.9,8.0,1.1,5.6,8.7,18.6,1.2,1.3,2.5,.096,-0.2,-0.1,-0.4,0.5,,turnemy01
80,Ivica Zubac,28,LAC,C,41,40,1262,19.1,.630,.000,.285,13.8,27.0,20.6,12.0,0.6,2.6,14.4,19.5,2.5,1.2,3.7,.141,0.9,-1.0,-0.2,0.6,,zubaciv01
81,Chet Holmgren,23,OKC,PF,43,43,1260,21.8,.660,.304,.332,7.1,24.1,16.0,8.3,0.9,6.9,10.9,22.4,2.8,2.9,5.7,.217,2.4,1.6,4.0,1.9,,holmgch01
82,Michael Porter Jr.,27,BRK,SF,38,38,1258,21.7,.618,.508,.225,4.4,22.0,12.7,19.1,1.6,0.7,10.7,30.6,2.0,1.0,3.0,.115,5.5,-0.9,4.6,2.1,,portemi01
83,Jaylon Tyson,23,CLE,SG,45,30,1256,15.9,.631,.434,.158,7.9,13.7,10.7,11.9,1.6,1.5,11.9,18.5,2.2,1.2,3.4,.130,1.2,-0.3,1.0,0.9,,tysonja01
84,Lauri Markkanen,28,UTA,PF,35,35,1250,21.0,.613,.405,.348,5.9,15.8,10.7,10.1,1.4,1.5,6.6,27.8,2.9,0.1,3.0,.114,4.4,-2.3,2.1,1.3,,markkla01
85,A.J. Green,26,MIL,SG,42,42,1248,9.4,.644,.897,.097,0.6,8.9,4.8,9.3,0.9,0.3,10.0,13.1,1.2,0.5,1.6,.063,-1.6,-1.4,-2.9,-0.3,,greenaj01
86,OG Anunoby,28,NYK,PF,38,38,1244,15.2,.597,.454,.294,4.5,13.7,9.0,9.9,2.6,2.2,13.9,20.2,1.2,1.7,2.8,.110,0.0,0.9,0.9,0.9,,anunoog01
87,De'Aaron Fox,28,SAS,PG,38,38,1239,18.0,.587,.388,.267,2.2,11.3,6.8,28.6,1.8,0.8,12.9,25.6,1.9,1.6,3.4,.133,2.0,0.5,2.5,1.4,,foxde01
88,Jaylen Wells,22,MEM,SG,46,46,1238,9.9,.524,.514,.256,3.8,10.0,6.9,8.9,1.5,0.3,9.4,18.9,0.1,1.0,1.1,.043,-3.1,-0.7,-3.7,-0.6,,wellsja01
89,Noah Clowney,21,BRK,PF,43,37,1237,11.3,.548,.637,.366,3.8,13.8,8.6,10.1,1.3,2.6,12.9,20.9,0.0,0.8,0.8,.031,-2.2,-1.1,-3.2,-0.4,,clownno01
90,Donovan Clingan,21,POR,C,45,45,1231,19.2,.598,.360,.296,17.8,26.1,21.9,10.2,0.8,4.2,10.4,15.5,2.9,1.6,4.5,.175,1.8,-0.3,1.6,1.1,,clingdo01
91,Stephen Curry,37,GSW,PG,39,39,1222,22.6,.636,.602,.274,1.4,11.1,6.2,27.2,1.7,1.2,11.7,32.5,2.8,1.3,4.1,.161,6.3,-0.9,5.4,2.3,,curryst01
92,Andrew Nembhard,26,IND,PG,38,38,1217,15.8,.562,.372,.301,1.4,8.6,4.9,36.8,1.3,0.4,13.3,23.5,1.4,0.7,2.1,.082,1.0,-1.8,-0.8,0.4,,nembhan01
93,Cason Wallace,22,OKC,SG,46,36,1212,10.6,.528,.565,.110,3.4,8.7,6.2,9.7,3.7,0.9,11.3,13.0,0.2,2.5,2.7,.108,-2.7,3.1,0.4,0.7,,wallaca01
94,John Collins,28,LAC,PF,44,35,1208,15.9,.657,.361,.215,5.8,14.5,10.3,5.3,1.6,2.9,11.6,18.7,1.8,1.0,2.8,.112,0.2,-0.3,-0.2,0.6,,collijo01
95,Sion James,23,CHO,SG,49,18,1204,7.9,.540,.590,.316,2.6,13.1,8.0,10.2,1.1,1.3,13.6,10.8,0.7,0.9,1.6,.062,-3.2,0.4,-2.9,-0.3,,jamessi01
96,Bruce Brown,29,DEN,SG,49,2,1203,10.5,.537,.228,.228,5.6,13.0,9.4,11.9,2.0,1.0,13.6,14.3,0.6,1.0,1.6,.062,-2.8,-0.2,-3.0,-0.3,,brownbr01
97,Deandre Ayton,27,LAL,C,42,42,1190,18.6,.676,.000,.189,10.7,24.2,17.7,4.8,1.1,3.3,12.6,17.6,2.2,1.2,3.4,.137,0.0,-1.2,-1.1,0.3,,aytonde01
98,Kyshawn George,22,WAS,SF,38,38,1190,14.0,.563,.462,.214,3.3,16.3,9.8,24.0,1.8,2.6,17.4,22.5,0.2,0.7,0.9,.034,-0.7,-0.3,-1.0,0.3,,georgky01
99,Jimmy Butler,36,GSW,SF,38,38,1182,23.4,.646,.184,.621,8.1,11.6,9.8,24.1,2.2,0.6,9.3,23.1,4.7,1.3,6.0,.244,4.9,0.6,5.5,2.3,,butleji01
100,Stephon Castle,21,SAS,PG,38,38,1179,15.4,.552,.312,.498,4.1,13.1,8.7,32.4,2.0,0.8,18.7,25.1,0.6,1.6,2.2,.091,-0.6,0.7,0.1,0.6,,castlst01
101,Moses Moody,23,GSW,SG,48,37,1178,13.0,.589,.660,.188,3.9,10.6,7.2,8.5,1.8,2.3,8.5,17.7,1.1,1.3,2.4,.098,0.0,-0.1,-0.2,0.6,,moodymo01
102,Anfernee Simons,26,BOS,SG,48,0,1177,14.8,.574,.580,.129,2.3,8.5,5.4,14.3,1.2,0.5,8.6,23.3,1.8,0.8,2.6,.104,1.2,-1.4,-0.2,0.6,,simonan01
103,Santi Aldama,25,MEM,PF,42,10,1174,16.4,.573,.416,.236,6.0,19.3,12.7,16.1,1.5,2.3,9.5,20.0,1.4,1.5,2.9,.117,1.3,0.8,2.1,1.2,,aldamsa01
104,Kyle Kuzma,30,MIL,PF,44,20,1169,13.7,.572,.296,.299,3.8,16.5,10.2,13.5,1.2,1.7,12.2,21.1,0.5,0.9,1.4,.059,-1.7,-1.0,-2.7,-0.2,,kuzmaky01
105,Davion Mitchell,27,MIA,PG,40,40,1167,12.0,.557,.378,.141,1.4,7.7,4.5,31.7,1.9,0.4,17.2,13.5,1.3,1.1,2.5,.101,-1.7,0.6,-1.1,0.3,,mitchda01
106,Zach LaVine,30,SAC,SG,36,34,1148,14.6,.617,.470,.259,0.7,9.1,4.8,11.4,1.1,0.7,11.2,23.7,1.1,0.1,1.2,.050,0.5,-2.2,-1.7,0.1,,lavinza01
107,Cedric Coward,22,MEM,SG,43,30,1145,15.1,.584,.421,.244,5.8,19.2,12.5,16.5,1.0,1.3,12.8,21.2,1.1,1.2,2.3,.098,0.4,-0.1,0.4,0.7,,cowarce01
108,Reed Sheppard,21,HOU,SG,46,4,1141,15.6,.556,.564,.103,1.5,10.1,5.8,17.6,2.8,2.0,9.4,21.4,1.7,1.6,3.3,.140,1.1,1.5,2.6,1.3,,sheppre01
109,Keldon Johnson,26,SAS,SF,47,0,1134,18.9,.649,.336,.279,8.3,18.1,13.3,8.8,1.4,0.5,8.1,19.9,2.9,1.5,4.4,.186,2.2,0.2,2.4,1.3,,johnske04
110,Josh Hart,30,NYK,SF,37,23,1134,16.1,.607,.427,.213,5.7,22.2,13.8,22.8,2.1,1.1,17.6,16.8,1.8,1.6,3.4,.143,1.2,1.9,3.0,1.5,,hartjo01
111,Jalen Duren,22,DET,C,40,40,1130,23.9,.666,.000,.479,15.2,26.4,20.9,9.8,1.5,3.0,12.8,22.5,3.3,2.2,5.4,.231,2.9,0.4,3.3,1.5,,durenja01
112,Nikola Jokić,30,DEN,C,33,33,1130,36.7,.716,.275,.447,10.4,28.7,20.1,54.3,2.0,2.0,14.3,31.0,7.5,1.6,9.1,.387,12.4,4.4,16.8,5.3,,jokicni01
113,Ajay Mitchell,23,OKC,SG,43,9,1129,17.3,.590,.300,.287,2.9,11.0,7.2,19.8,2.6,1.2,11.7,22.3,1.6,2.1,3.7,.158,0.4,1.6,1.9,1.1,,mitchaj01
114,Jarace Walker,22,IND,PF,48,16,1126,10.1,.525,.515,.245,1.9,17.8,9.6,12.0,1.6,1.3,13.9,19.5,-0.8,1.0,0.2,.010,-2.5,-0.3,-2.7,-0.2,,walkeja02
115,De'Andre Hunter,28,CLE,SF,43,23,1125,12.1,.553,.492,.284,2.8,14.9,8.8,11.0,1.3,0.5,11.6,22.6,0.4,1.0,1.4,.058,-2.1,-1.3,-3.4,-0.4,,huntede01
116,Neemias Queta,26,BOS,C,45,44,1123,19.8,.649,.017,.360,13.3,22.6,18.0,8.0,1.9,5.2,11.5,15.1,2.8,1.9,4.7,.201,0.4,1.2,1.6,1.0,,quetane01
117,Kawhi Leonard,34,LAC,SF,34,34,1123,27.2,.628,.369,.310,3.4,17.8,10.8,20.3,3.2,1.8,8.7,32.4,3.3,1.4,4.7,.202,7.0,0.9,7.9,2.8,,leonaka01
118,Jamal Shead,23,TOR,PG,50,7,1118,11.3,.494,.543,.224,1.7,7.9,4.8,32.0,2.2,0.5,15.8,16.2,0.6,1.2,1.8,.075,-2.0,0.1,-1.9,0.0,,sheadja01
119,Sam Hauser,28,BOS,PF,47,19,1116,12.8,.599,.866,.034,3.2,14.7,9.0,8.1,1.3,1.3,6.9,15.1,1.7,1.1,2.8,.120,1.1,-0.3,0.8,0.8,,hausesa01
120,Moussa Diabaté,24,CHO,C,45,19,1116,17.8,.663,.004,.575,17.0,21.3,19.2,7.9,1.4,3.7,13.1,12.4,2.8,1.4,4.2,.182,0.2,0.4,0.6,0.7,,diabamo01
121,Bobby Portis,30,MIL,PF,46,8,1114,16.6,.583,.385,.089,6.0,24.4,15.3,10.8,1.1,0.7,8.0,22.7,1.0,1.0,2.0,.086,1.2,-1.6,-0.4,0.4,,portibo01
122,Ausar Thompson,23,DET,SF,43,42,1106,15.6,.534,.052,.379,9.3,16.1,12.7,14.5,3.4,2.9,13.2,18.3,0.7,2.3,3.0,.129,-1.2,2.7,1.5,1.0,,thompau01
123,Rui Hachimura,27,LAL,PF,37,27,1102,11.4,.611,.443,.136,2.8,10.6,6.8,4.2,0.9,1.0,7.1,15.5,1.1,0.4,1.5,.067,-0.8,-2.1,-2.9,-0.3,,hachiru01
124,Ayo Dosunmu,26,CHI,SG,42,7,1097,16.9,.632,.394,.216,3.2,8.2,5.8,19.5,1.3,1.0,9.6,20.9,2.3,0.5,2.8,.123,1.5,-0.9,0.6,0.7,,dosunay01
125,Draymond Green,35,GSW,PF,41,41,1093,10.1,.532,.607,.165,3.1,20.4,11.7,26.9,1.6,2.4,26.0,16.9,-0.5,1.5,1.0,.043,-2.8,1.5,-1.3,0.2,,greendr01
126,Josh Giddey,23,CHI,PG,34,31,1090,19.3,.575,.343,.379,4.1,24.2,14.3,39.6,1.3,0.9,18.0,25.9,1.5,1.0,2.5,.110,2.7,0.3,2.9,1.4,,giddejo01
127,P.J. Washington,27,DAL,PF,35,33,1089,12.9,.525,.333,.265,5.1,19.1,12.3,8.7,1.6,3.9,13.3,21.2,-0.8,1.7,0.9,.040,-2.2,1.0,-1.3,0.2,,washipj01
128,Alex Sarr,20,WAS,C,38,38,1088,20.7,.560,.205,.238,8.7,19.6,14.1,16.0,1.4,6.5,9.9,25.4,1.1,0.9,2.0,.089,1.7,0.0,1.7,1.0,,sarral01
129,Marcus Smart,31,LAL,SG,38,31,1083,9.8,.559,.620,.278,2.9,9.4,6.3,12.8,2.2,1.1,16.8,15.9,0.2,0.8,0.9,.042,-2.9,-0.2,-3.1,-0.3,,smartma01
130,Cam Spencer,25,MEM,SG,45,14,1080,17.4,.663,.618,.253,2.2,9.6,5.9,33.6,1.4,0.3,14.6,17.8,2.9,0.8,3.8,.168,3.1,-0.2,2.9,1.3,,spencca01
131,Luguentz Dort,26,OKC,SF,39,39,1075,8.9,.539,.721,.100,3.7,11.4,7.7,5.6,1.6,1.8,8.2,13.8,0.3,1.8,2.1,.093,-2.2,0.7,-1.5,0.2,,dortlu01
132,Sandro Mamukelashvili,26,TOR,C,48,11,1073,17.9,.626,.437,.241,7.6,17.9,12.7,13.3,1.6,2.8,8.8,18.4,2.2,1.5,3.6,.162,1.8,0.6,2.5,1.2,,mamuksa01
133,Terance Mann,29,BRK,SG,42,39,1073,11.1,.558,.411,.236,5.5,10.0,7.6,20.4,1.5,0.9,14.2,13.8,1.2,0.5,1.6,.074,-2.3,-0.4,-2.7,-0.2,,mannte01
134,Kyle Filipowski,22,UTA,C,48,16,1070,13.5,.566,.346,.287,7.9,23.2,15.4,13.0,1.5,1.9,13.4,17.9,0.7,0.4,1.1,.051,-1.6,-1.1,-2.7,-0.2,,filipky01
135,Devin Vassell,25,SAS,SG,34,32,1068,12.5,.556,.568,.170,1.5,11.5,6.6,10.3,1.4,1.3,6.5,18.9,0.9,1.3,2.2,.097,-0.5,0.1,-0.3,0.5,,vassede01
136,LaMelo Ball,24,CHO,PG,39,36,1063,19.3,.541,.553,.150,3.8,15.5,9.8,45.8,2.1,0.8,15.1,32.1,1.4,1.1,2.5,.114,4.1,-0.8,3.3,1.4,,ballla01
137,Mark Williams,24,PHO,C,44,40,1058,22.7,.695,.003,.430,14.1,23.3,18.6,6.6,2.2,3.9,11.3,17.2,3.3,1.9,5.1,.233,2.0,0.9,2.9,1.3,,willima07
138,Dennis Schröder,32,SAC,PG,40,14,1056,13.8,.531,.393,.315,2.3,10.8,6.5,29.1,1.5,0.5,14.1,22.7,0.4,0.2,0.7,.031,-0.2,-1.8,-2.0,0.0,,schrode01
139,Ace Bailey,19,UTA,SF,42,31,1051,11.0,.542,.433,.085,6.4,8.8,7.6,9.4,1.4,1.7,10.2,19.3,0.1,-0.1,0.0,.000,-1.7,-2.8,-4.5,-0.6,,baileac01
140,Spencer Jones,24,DEN,SF,44,32,1047,9.5,.636,.586,.236,5.6,9.1,7.5,4.6,1.9,1.6,10.6,9.9,1.1,0.8,1.9,.086,-2.3,-0.3,-2.6,-0.2,,jonessp01
141,Kel'el Ware,21,MIA,C,45,27,1042,20.3,.633,.339,.177,13.8,28.4,21.1,3.5,1.6,4.4,9.3,17.5,2.1,1.9,4.0,.184,2.2,0.2,2.3,1.1,,wareke01
142,Vit Krejci,25,ATL,PG,46,8,1028,11.3,.639,.776,.117,2.0,8.3,5.1,8.7,1.7,1.1,8.5,14.4,1.1,0.8,1.9,.088,-1.5,-0.3,-1.8,0.1,,krejcvi01
143,Jarrett Allen,27,CLE,C,38,38,1028,18.7,.642,.024,.432,8.8,22.6,15.6,10.2,1.8,2.7,12.4,18.1,2.1,1.4,3.5,.163,0.3,0.7,1.0,0.8,,allenja01
144,Tre Jones,26,CHI,PG,38,20,1020,18.6,.648,.212,.457,2.6,9.2,5.9,29.8,2.3,0.6,12.5,17.2,2.9,0.7,3.7,.174,0.9,0.4,1.4,0.9,,jonestr01
145,Egor Dёmin,19,BRK,PG,41,34,1019,12.2,.573,.713,.127,2.2,13.3,7.5,21.6,1.7,1.1,15.6,19.5,0.4,0.6,1.0,.046,-0.3,-0.6,-0.9,0.3,,demineg01
146,Kevin Huerter,27,CHI,SF,43,10,1015,13.4,.561,.552,.139,2.4,14.5,8.5,15.3,1.6,2.1,9.9,19.4,0.5,0.8,1.4,.065,-1.0,0.0,-1.0,0.3,,huertke01
147,Gary Trent Jr.,27,MIL,SG,42,17,1013,7.7,.524,.732,.115,0.6,4.8,2.7,8.7,1.3,0.3,7.0,15.5,-0.1,0.3,0.2,.011,-3.3,-1.8,-5.0,-0.8,,trentga02
148,Isaiah Stewart,24,DET,C,43,11,1011,15.1,.619,.318,.287,8.2,17.4,12.8,7.0,0.5,7.9,12.6,16.5,1.4,1.7,3.0,.144,-1.4,1.3,0.0,0.5,,stewais01
149,Jock Landale,30,MEM,C,43,23,1006,17.3,.601,.328,.237,14.2,15.1,14.6,10.6,1.1,2.1,9.4,18.7,2.0,1.0,3.0,.142,1.2,-0.8,0.4,0.6,,landajo01
150,Isaac Okoro,25,CHI,SG,40,40,1004,9.9,.579,.468,.206,4.8,6.7,5.8,7.5,1.0,1.8,7.0,13.2,1.0,0.4,1.5,.070,-2.8,-1.0,-3.8,-0.4,,okorois01
151,Jordan Goodwin,27,PHO,PG,46,3,999,14.1,.504,.516,.090,9.5,14.8,12.1,14.9,3.2,0.9,11.7,18.6,0.5,1.5,2.1,.100,0.1,1.4,1.4,0.9,,goodwjo01
152,Zion Williamson,25,NOP,PF,34,27,997,24.0,.629,.006,.568,8.5,14.5,11.4,19.7,1.7,2.1,11.6,28.0,2.6,0.6,3.2,.153,4.2,-0.6,3.6,1.4,,willizi01
153,LeBron James,41,LAL,SF,30,30,992,20.8,.588,.282,.340,2.6,17.5,10.3,32.1,1.6,1.7,13.5,28.2,1.7,0.8,2.5,.120,3.3,-0.4,2.9,1.2,,jamesle01
154,Svi Mykhailiuk,28,UTA,SF,41,41,981,10.1,.602,.649,.082,3.3,8.4,5.8,10.9,1.0,0.3,10.4,13.8,0.9,-0.3,0.5,.027,-0.7,-2.1,-2.8,-0.2,,mykhasv01
155,Miles McBride,25,NYK,SG,35,14,981,13.5,.592,.671,.119,2.4,7.9,5.1,13.6,1.5,0.6,6.8,17.5,1.8,0.8,2.5,.124,1.3,-0.1,1.2,0.8,,mcbrimi01
156,Oso Ighodaro,23,PHO,PF,49,7,980,12.0,.612,.005,.356,8.0,17.2,12.5,11.7,2.3,2.8,22.2,12.0,0.6,1.5,2.1,.102,-3.2,2.4,-0.8,0.3,,ighodos01
157,Tre Johnson,19,WAS,SG,39,21,980,12.5,.576,.522,.156,2.1,9.3,5.7,12.8,1.2,1.2,11.3,21.0,0.5,0.1,0.6,.028,-0.5,-2.2,-2.7,-0.2,,johnstr03
158,Brice Sensabaugh,22,UTA,SF,46,9,978,13.9,.587,.547,.240,4.0,11.4,7.6,10.7,1.5,0.5,10.2,22.4,0.8,-0.1,0.7,.035,-0.1,-2.8,-2.9,-0.2,,sensabr01
159,Jusuf Nurkić,31,UTA,C,37,32,976,17.0,.555,.194,.303,10.6,31.6,21.0,27.1,2.4,1.7,19.4,19.7,0.6,0.8,1.5,.072,-0.2,1.2,1.1,0.8,,nurkiju01
160,Pelle Larsson,24,MIA,SG,41,28,973,12.8,.582,.381,.344,3.4,10.4,6.9,17.9,1.1,0.8,10.6,16.0,1.3,0.8,2.2,.108,-1.1,0.2,-0.9,0.3,,larsspe01
161,Klay Thompson,35,DAL,SF,44,8,972,11.6,.535,.727,.070,1.5,10.2,6.0,9.5,1.1,1.3,7.6,22.7,-0.2,0.9,0.6,.032,0.1,-1.1,-1.0,0.3,,thompkl01
162,Isaiah Collier,21,UTA,PG,41,6,970,13.4,.575,.211,.405,1.9,9.7,5.7,39.1,1.6,1.3,22.6,18.1,0.8,-0.1,0.8,.038,-1.1,-2.3,-3.4,-0.3,,colliis01
163,Maxime Raynaud,22,SAC,C,42,25,965,13.8,.584,.113,.219,8.3,23.5,15.8,6.8,0.9,1.9,11.0,17.0,0.8,0.5,1.3,.066,-2.2,-1.4,-3.7,-0.4,,raynama01
164,Brandon Miller,23,CHO,SF,32,32,958,17.2,.573,.483,.236,3.9,12.7,8.4,18.5,1.6,2.6,12.5,28.9,0.9,0.9,1.8,.092,1.6,-0.6,1.0,0.7,,millebr02
165,Jerami Grant,31,POR,PF,33,14,956,15.9,.594,.465,.498,3.6,10.0,6.7,13.1,1.1,2.1,11.9,25.0,1.6,0.7,2.2,.111,1.2,-1.1,0.1,0.5,,grantje01
166,Sidy Cissoko,21,POR,SF,44,21,954,7.1,.535,.622,.302,4.3,7.0,5.7,8.6,1.5,1.3,15.3,12.8,0.1,0.6,0.8,.038,-4.2,-0.1,-4.3,-0.5,,cissosi01
167,Victor Wembanyama,22,SAS,C,33,24,954,27.9,.621,.297,.420,7.4,33.9,20.8,16.5,1.4,8.5,12.4,32.6,2.0,2.3,4.3,.217,5.4,3.7,9.0,2.7,,wembavi01
168,Grayson Allen,30,PHO,SG,32,23,954,16.0,.578,.673,.224,2.7,8.9,5.8,19.1,2.4,1.0,10.4,22.5,1.5,1.1,2.6,.132,1.8,0.3,2.1,1.0,,allengr01
169,Kentavious Caldwell-Pope,32,MEM,SG,45,13,946,11.2,.535,.502,.211,2.0,10.2,6.2,18.8,1.9,0.8,13.6,17.3,0.3,0.9,1.2,.060,-2.1,0.4,-1.7,0.1,,caldwke01
170,Tristan Da Silva,24,ORL,SF,42,14,944,11.4,.557,.508,.116,3.5,13.1,8.2,7.4,1.9,0.9,9.7,17.0,0.3,0.9,1.2,.061,-1.2,-0.2,-1.4,0.1,,dasiltr01
171,Ron Holland,20,DET,SF,45,5,935,11.3,.508,.365,.282,5.7,16.7,11.3,9.0,3.1,1.7,14.8,18.7,-0.4,1.8,1.4,.073,-3.5,1.7,-1.8,0.0,,hollaro01
172,Dean Wade,29,CLE,PF,41,20,934,10.4,.565,.737,.186,4.0,16.1,10.0,8.4,1.6,1.7,5.8,9.9,1.1,1.0,2.1,.106,-1.3,1.1,-0.2,0.4,,wadede01
173,Brandon Williams,26,DAL,PG,42,11,932,15.6,.548,.251,.431,2.6,11.1,7.0,25.0,2.3,0.8,14.5,25.4,0.2,1.1,1.3,.069,-1.3,0.5,-0.8,0.3,,willibr03
174,Josh Okogie,27,HOU,SG,46,28,929,10.3,.562,.552,.254,6.9,9.4,8.1,6.1,2.4,1.1,12.9,11.5,0.8,1.1,1.9,.099,-2.1,1.1,-1.0,0.2,,okogijo01
175,Jay Huff,27,IND,C,48,26,926,15.6,.593,.639,.158,5.2,15.9,10.3,9.8,1.2,8.9,10.3,17.2,0.8,1.3,2.0,.105,-0.8,2.1,1.3,0.8,,huffja01
176,Nicolas Batum,37,LAC,PF,46,4,922,8.3,.598,.949,.063,2.3,12.4,7.5,5.3,2.0,2.0,13.1,10.0,0.3,0.7,1.1,.056,-1.8,0.5,-1.3,0.2,,batumni01
177,Caleb Love,24,POR,SG,41,1,919,11.0,.499,.596,.107,2.8,10.5,6.6,18.2,1.2,0.4,10.5,22.6,0.0,0.6,0.5,.028,-1.2,-1.6,-2.8,-0.2,,loveca01
178,Luke Kornet,30,SAS,C,38,22,912,18.7,.700,.000,.458,14.0,16.3,15.1,10.9,0.8,4.9,7.3,10.7,3.1,1.4,4.4,.232,1.8,1.9,3.7,1.3,,kornelu01
179,Collin Sexton,27,CHO,SG,40,12,908,17.2,.608,.341,.378,2.3,7.5,5.0,26.4,1.9,0.7,15.7,25.8,1.6,0.7,2.2,.118,1.1,-0.8,0.3,0.5,,sextoco01
180,Nique Clifford,23,SAC,SG,46,6,903,6.8,.482,.440,.159,4.1,13.0,8.5,8.9,1.4,1.4,15.4,15.1,-0.9,0.3,-0.6,-0.030,-4.7,-1.2,-5.8,-0.9,,cliffni01
181,Precious Achiuwa,26,SAC,C,43,29,903,14.1,.543,.192,.269,10.2,20.2,15.1,8.0,1.8,2.3,9.1,15.2,0.7,0.6,1.4,.073,-1.1,-0.4,-1.5,0.1,,achiupr01
182,Luke Kennard,29,ATL,SG,44,0,902,13.3,.703,.618,.145,2.1,9.2,5.7,13.8,1.7,0.4,11.7,12.7,1.6,0.7,2.3,.120,-0.1,0.1,0.0,0.5,,kennalu01
183,Malik Monk,27,SAC,SG,40,0,896,14.1,.574,.474,.174,1.5,8.8,5.1,17.5,1.4,1.6,11.4,23.4,0.5,0.2,0.7,.036,0.6,-1.7,-1.1,0.2,,monkma01
184,Quinten Post,25,GSW,PF,50,32,891,13.0,.561,.650,.087,6.1,18.6,12.3,11.0,1.2,2.5,9.6,18.6,0.6,1.1,1.7,.092,-0.7,0.1,-0.7,0.3,,postqu01
185,Tobias Harris,33,DET,PF,32,32,888,14.5,.572,.368,.243,3.9,14.7,9.3,12.4,1.6,0.8,8.6,19.4,1.3,1.2,2.5,.134,0.3,0.3,0.7,0.6,,harrito02
186,Zaccharie Risacher,20,ATL,SF,36,36,887,11.8,.558,.470,.157,4.1,10.5,7.3,8.1,1.7,1.9,8.4,18.6,0.2,0.8,1.0,.053,-2.1,-0.9,-3.1,-0.2,,risacza01
187,Javonte Green,32,DET,SG,47,4,883,13.1,.584,.558,.307,4.7,11.8,8.3,5.0,3.5,1.8,9.5,14.7,0.9,1.6,2.5,.137,-1.4,2.4,1.0,0.7,,greenja02
188,Ryan Kalkbrenner,24,CHO,C,37,26,879,17.6,.775,.011,.400,11.8,17.3,14.6,4.1,1.2,5.6,15.9,11.7,2.0,1.1,3.0,.165,0.1,0.9,1.0,0.7,,kalkbry01
189,Giannis Antetokounmpo,31,MIL,PF,30,30,876,33.3,.679,.078,.612,10.9,27.6,19.3,38.8,1.5,2.4,13.9,36.2,3.7,1.1,4.8,.261,8.0,2.3,10.3,2.7,,antetgi01
190,Kris Murray,25,POR,SF,34,11,874,9.2,.535,.446,.240,7.4,9.4,8.4,6.4,2.2,1.4,13.8,10.4,0.4,0.8,1.2,.066,-2.8,0.8,-2.0,0.0,,murrakr01
191,Will Richard,23,GSW,SG,45,15,872,12.3,.610,.613,.183,5.4,8.8,7.1,10.0,3.1,0.5,12.4,14.0,0.9,1.1,2.0,.111,-1.8,1.4,-0.4,0.4,,richawi02
192,Dominick Barlow,22,PHI,PF,37,30,872,14.0,.620,.255,.293,9.6,13.2,11.3,7.7,1.8,2.4,11.7,12.9,1.4,0.9,2.3,.127,-0.9,0.4,-0.5,0.3,,barlodo01
193,Jordan Clarkson,33,NYK,SG,45,0,866,10.1,.527,.478,.170,4.3,6.1,5.2,9.5,1.2,0.7,10.6,21.6,0.1,0.6,0.7,.039,-2.6,-2.0,-4.6,-0.6,,clarkjo01
194,Justin Champagnie,24,WAS,SF,45,11,858,16.2,.588,.356,.225,11.1,20.0,15.5,8.1,2.0,2.6,8.9,14.8,1.4,0.6,2.0,.112,-0.2,-0.6,-0.8,0.3,,champju01
195,Collin Murray-Boyles,20,TOR,PF,39,15,857,14.9,.590,.186,.255,12.6,13.5,13.1,13.0,2.0,3.6,15.7,15.2,1.0,1.2,2.2,.124,-0.9,1.3,0.4,0.5,,murraco01
196,Cameron Johnson,29,DEN,SF,28,28,857,11.4,.604,.514,.237,2.8,10.0,6.6,10.2,1.0,0.8,9.1,15.3,1.1,0.4,1.4,.081,-0.5,-1.7,-2.2,0.0,,johnsca02
197,Franz Wagner,24,ORL,SF,26,26,854,19.8,.593,.258,.418,5.2,15.5,10.3,17.5,1.6,0.9,8.8,26.3,1.7,0.8,2.6,.145,3.0,-0.1,2.8,1.0,,wagnefr01
198,Ryan Dunn,23,PHO,SF,42,11,851,11.5,.527,.449,.110,8.5,15.4,11.9,11.0,2.3,2.1,14.5,14.3,0.4,1.2,1.6,.090,-2.1,1.2,-0.9,0.2,,dunnry01
199,Jose Alvarado,27,NOP,PG,38,0,832,11.3,.559,.669,.088,1.9,12.3,7.0,19.8,2.1,0.5,14.8,15.8,0.5,0.4,0.9,.050,-1.5,-0.5,-2.1,0.0,,alvarjo01
200,Joel Embiid,31,PHI,C,27,27,829,24.3,.599,.221,.472,7.7,19.1,13.3,22.2,1.0,3.2,12.3,33.7,1.8,0.9,2.7,.155,4.5,-0.4,4.2,1.3,,embiijo01
201,Dru Smith,28,MIA,SG,48,1,828,14.6,.538,.414,.321,4.9,10.5,7.7,19.8,4.0,1.7,13.4,16.0,0.7,1.4,2.1,.124,-1.3,3.5,2.2,0.9,,smithdr01
202,Bennedict Mathurin,23,IND,SF,26,24,825,12.5,.582,.454,.380,2.5,16.5,9.2,10.1,1.0,0.4,13.2,23.2,0.2,0.6,0.7,.042,-1.4,-1.6,-3.0,-0.2,,mathube01
203,Jalen Smith,25,CHI,C,41,10,824,17.3,.602,.535,.213,10.1,26.5,18.5,8.9,1.0,3.5,10.1,19.3,1.2,0.9,2.1,.122,0.6,-0.8,-0.2,0.4,,smithja04
204,Paul George,35,PHI,PF,27,27,824,15.6,.556,.489,.215,1.8,17.1,9.3,18.2,2.4,1.4,10.2,22.2,0.7,1.0,1.8,.102,0.5,0.4,0.9,0.6,,georgpa01
205,Aaron Nesmith,26,IND,SF,27,24,824,10.5,.512,.565,.222,4.8,13.1,8.8,11.3,1.0,1.6,9.9,20.2,-0.2,0.6,0.4,.022,-2.1,-1.3,-3.4,-0.3,,nesmiaa01
206,Kobe Sanders,23,LAC,SG,39,8,819,8.1,.570,.486,.179,2.8,10.8,6.9,10.5,1.5,0.5,18.1,15.6,-0.1,0.4,0.3,.017,-3.9,-0.9,-4.7,-0.6,,sandeko01
207,Gradey Dick,22,TOR,SG,50,1,818,10.6,.552,.533,.237,4.1,11.1,7.5,5.7,1.9,0.6,8.5,17.2,0.3,0.9,1.2,.072,-2.8,-0.4,-3.2,-0.2,,dickgr01
208,Day'Ron Sharpe,24,BRK,C,45,3,817,20.6,.651,.138,.527,15.1,26.1,20.3,20.3,2.9,2.1,20.0,18.5,1.7,1.1,2.8,.163,0.6,1.5,2.1,0.9,,sharpda01
209,Austin Reaves,27,LAL,SG,23,22,812,23.1,.666,.456,.528,2.4,14.5,8.6,27.8,1.3,0.6,14.0,28.5,2.7,0.5,3.1,.186,5.2,-1.1,4.2,1.3,,reaveau01
210,Ben Sheppard,24,IND,SG,37,12,807,8.1,.504,.627,.160,2.8,12.8,7.6,10.8,1.2,0.4,7.3,12.8,0.2,0.5,0.7,.039,-3.4,-0.2,-3.5,-0.3,,sheppbe01
211,Aaron Wiggins,27,OKC,SG,34,13,807,12.7,.565,.554,.131,3.0,12.2,7.8,10.6,1.8,2.7,12.3,19.3,0.1,1.5,1.6,.093,-0.3,0.6,0.3,0.5,,wiggiaa01
212,Isaiah Joe,26,OKC,SG,40,1,806,13.9,.634,.818,.241,2.4,10.7,6.7,9.3,1.3,0.9,7.6,17.6,1.4,1.2,2.6,.157,1.0,0.0,1.0,0.6,,joeis01
213,Kelly Oubre Jr.,30,PHI,SF,25,20,801,12.6,.600,.439,.252,2.8,12.6,7.6,5.8,1.8,1.9,10.2,17.1,0.6,0.8,1.4,.084,-1.2,-0.2,-1.4,0.1,,oubreke01
214,Yves Missi,21,NOP,C,42,7,800,15.3,.554,.005,.303,16.6,15.8,16.2,8.6,0.8,6.8,13.4,12.8,1.1,0.5,1.6,.096,-1.2,-0.9,-2.1,0.0,,missiyv01
215,Jordan Walsh,21,BOS,PF,43,20,799,13.9,.644,.439,.225,8.1,17.8,12.9,5.7,2.3,2.5,10.4,11.5,1.5,1.1,2.6,.156,-1.0,1.3,0.2,0.5,,walshjo01
216,RJ Barrett,25,TOR,SF,27,27,796,17.2,.574,.364,.310,3.3,16.4,9.8,19.1,1.3,0.6,8.7,25.8,0.9,0.9,1.8,.110,1.3,-0.8,0.5,0.5,,barrerj01
217,Walter Clayton,22,UTA,PG,44,0,793,10.8,.545,.559,.251,1.9,10.1,5.9,23.9,1.4,1.5,16.4,17.1,0.4,-0.1,0.3,.020,-1.7,-1.6,-3.3,-0.3,,claytwa01
218,Patrick Williams,24,CHI,PF,44,1,792,8.4,.507,.535,.161,3.6,12.9,8.3,8.0,1.7,1.1,12.5,16.6,-0.5,0.6,0.1,.004,-3.4,-1.0,-4.4,-0.5,,willipa01
219,Darius Garland,26,CLE,PG,26,26,792,15.5,.567,.435,.210,1.6,7.1,4.3,33.2,1.3,0.4,15.1,25.4,0.9,0.5,1.4,.084,0.9,-2.5,-1.6,0.1,,garlada01
220,Khris Middleton,34,WAS,SF,32,32,787,11.5,.525,.327,.238,4.0,13.6,8.7,19.1,1.6,1.0,14.6,19.3,0.1,0.2,0.3,.019,-2.8,-1.2,-4.0,-0.4,,middlkh01
221,Dylan Harper,19,SAS,SG,37,0,784,13.9,.507,.268,.207,3.8,12.7,8.3,24.5,2.0,1.1,12.1,23.2,0.1,1.1,1.2,.073,-1.7,1.1,-0.6,0.3,,harpedy01
222,Coby White,25,CHI,SG,27,24,784,14.8,.593,.534,.383,1.0,11.7,6.4,24.1,1.2,0.2,16.0,27.2,0.4,0.4,0.8,.049,-0.7,-2.2,-2.9,-0.2,,whiteco01
223,Mike Conley,38,MIN,PG,42,9,780,9.2,.513,.753,.271,2.1,8.1,5.2,19.2,1.5,1.0,12.0,11.7,0.8,0.8,1.5,.095,-2.4,0.8,-1.6,0.1,,conlemi01
224,Ziaire Williams,24,BRK,SF,34,4,778,11.0,.567,.705,.299,2.8,10.2,6.3,4.9,2.4,2.1,10.7,17.9,0.2,0.6,0.8,.048,-2.5,-0.2,-2.7,-0.1,,willizi02
225,Simone Fontecchio,30,MIA,SF,46,1,777,13.3,.573,.711,.219,4.3,14.9,9.6,12.2,1.3,0.8,9.9,20.0,0.7,0.8,1.5,.095,0.4,-0.1,0.3,0.4,,fontesi01
226,Craig Porter Jr.,25,CLE,PG,44,2,774,14.6,.543,.346,.146,8.6,13.0,10.8,21.9,2.5,3.2,16.5,12.6,1.0,1.0,2.0,.126,0.6,2.1,2.7,0.9,,portecr01
227,Kevin Porter Jr.,25,MIL,PG,23,22,773,17.1,.563,.353,.323,2.5,14.3,8.4,32.5,3.1,1.2,18.0,23.9,0.5,0.9,1.4,.086,0.3,0.8,1.1,0.6,,porteke02
228,Mouhamed Gueye,23,ATL,PF,48,4,771,11.0,.509,.436,.193,7.8,16.5,12.1,8.3,2.3,3.1,10.6,13.3,0.2,1.0,1.2,.072,-3.4,0.7,-2.7,-0.1,,gueyemo02
229,Herbert Jones,27,NOP,SF,27,27,761,9.8,.498,.485,.152,3.9,9.9,6.8,11.5,2.8,1.7,11.9,15.6,-0.1,0.5,0.4,.026,-3.5,0.5,-3.0,-0.2,,joneshe01
230,Keon Ellis,26,SAC,SG,43,5,758,9.2,.536,.689,.153,2.2,6.0,4.1,4.6,2.9,2.6,8.6,13.8,-0.1,0.4,0.4,.025,-3.0,0.9,-2.1,0.0,,elliske01
231,Bilal Coulibaly,21,WAS,SG,28,28,744,11.8,.509,.417,.399,3.9,15.1,9.5,12.9,2.6,3.2,13.3,17.3,-0.1,0.6,0.5,.032,-3.2,0.3,-2.9,-0.2,,coulibi01
232,Buddy Hield,33,GSW,SG,43,3,741,12.7,.569,.661,.111,3.8,11.8,7.8,12.4,2.2,1.1,11.7,19.5,0.3,0.9,1.2,.075,-0.7,0.1,-0.7,0.3,,hieldbu01
233,Tyus Jones,29,ORL,PG,46,8,739,8.7,.451,.643,.038,1.3,6.5,3.9,19.7,2.1,0.4,8.1,9.9,0.3,0.6,0.9,.061,-2.8,0.9,-1.8,0.0,,jonesty01
234,Jarred Vanderbilt,26,LAL,PF,38,3,736,11.6,.561,.412,.229,10.0,20.2,15.3,9.2,2.4,1.7,18.8,12.2,0.4,0.8,1.2,.078,-2.0,0.4,-1.7,0.1,,vandeja01
235,Steven Adams,32,HOU,C,32,11,730,15.9,.535,.000,.583,21.9,19.8,20.9,8.3,1.5,2.5,16.7,12.0,1.1,1.0,2.1,.141,0.0,-0.3,-0.4,0.3,,adamsst01
236,Andre Drummond,32,PHI,C,37,17,724,17.2,.564,.240,.306,18.7,30.4,24.5,5.4,1.3,4.0,12.9,14.9,1.1,1.2,2.3,.150,-0.1,-0.6,-0.7,0.2,,drumman01
237,Nikola Jović,22,MIA,PF,38,1,719,10.3,.497,.521,.332,3.3,17.1,10.1,17.5,1.5,1.9,16.2,21.6,-0.7,0.9,0.2,.014,-3.0,0.1,-2.9,-0.2,,jovicni01
238,Ja'Kobe Walter,21,TOR,SG,40,9,718,10.2,.570,.652,.199,4.2,9.2,6.6,6.7,2.4,0.8,8.8,14.2,0.5,0.8,1.3,.087,-2.6,0.9,-1.7,0.0,,walteja01
239,Lonzo Ball,28,CLE,PG,34,3,711,9.4,.428,.833,.121,3.9,17.1,10.4,22.8,2.9,1.2,22.1,13.7,-0.4,1.0,0.6,.039,-3.0,1.8,-1.2,0.1,,balllo01
240,Jalen Williams,24,OKC,SG,24,24,711,17.8,.542,.179,.250,2.6,14.3,8.7,28.1,2.2,1.2,11.2,25.6,0.6,1.4,2.0,.134,0.4,1.1,1.5,0.6,,willija06
241,Jordan Poole,26,NOP,PG,28,6,710,11.7,.533,.624,.287,0.9,7.0,3.9,17.5,1.3,1.2,12.2,25.3,0.1,0.1,0.2,.011,-0.8,-2.6,-3.4,-0.3,,poolejo01
242,Jalen Suggs,24,ORL,PG,27,27,698,17.0,.574,.515,.252,3.1,13.1,8.0,28.9,3.3,1.8,16.7,24.5,0.5,1.0,1.4,.099,0.8,1.8,2.5,0.8,,suggsja01
243,Marvin Bagley III,26,WAS,PF,36,7,696,20.1,.660,.078,.403,13.9,16.9,15.4,11.7,1.3,3.3,13.7,18.9,1.7,0.4,2.0,.140,1.5,-1.0,0.4,0.4,,baglema01
244,Vince Williams Jr.,25,MEM,PG,32,11,691,10.3,.463,.598,.151,4.9,15.1,10.0,28.6,1.7,1.9,18.8,19.7,-0.5,0.8,0.3,.021,-2.1,1.0,-1.1,0.2,,willivi01
245,Tyrese Martin,26,BRK,SG,36,6,688,11.3,.511,.593,.103,5.1,13.0,8.9,15.8,1.6,0.5,10.8,18.8,0.0,0.4,0.4,.026,-1.3,-1.4,-2.7,-0.1,,martity01
246,Jaxson Hayes,25,LAL,C,39,4,685,16.3,.769,.008,.526,9.5,16.4,13.1,6.5,1.0,3.3,10.9,11.6,1.9,0.5,2.4,.168,-0.2,-0.2,-0.4,0.3,,hayesja02
247,Drake Powell,20,BRK,SG,36,9,683,8.6,.568,.506,.236,1.5,8.4,4.8,12.9,1.5,0.7,15.8,14.6,0.1,0.3,0.4,.025,-4.2,-0.8,-5.0,-0.5,,poweldr01
248,Keegan Murray,25,SAC,PF,19,18,683,12.0,.502,.355,.147,4.8,14.4,9.5,6.2,1.6,3.9,7.4,18.7,-0.2,0.4,0.2,.015,-2.0,-0.8,-2.8,-0.2,,murrake02
249,Brook Lopez,37,LAC,C,40,7,681,10.1,.517,.740,.126,2.3,15.6,9.1,7.2,1.5,5.6,11.6,18.0,-0.4,0.7,0.3,.023,-2.6,0.2,-2.4,-0.1,,lopezbr01
250,Ryan Nembhard,22,DAL,PG,35,17,673,10.9,.524,.355,.057,1.1,8.7,5.0,35.8,0.6,0.0,18.2,17.8,0.2,0.4,0.6,.045,-2.1,-1.9,-4.1,-0.4,,nembhry01
251,Mitchell Robinson,27,NYK,C,34,13,668,20.3,.634,.000,.519,26.7,24.4,25.6,6.7,2.2,5.9,15.0,9.6,1.9,1.2,3.1,.224,2.0,0.7,2.7,0.8,,robinmi01
252,Micah Peavy,24,NOP,SG,42,1,665,8.5,.443,.389,.071,6.0,8.7,7.3,9.3,2.2,0.9,5.2,14.3,0.0,0.3,0.2,.016,-4.1,-1.0,-5.1,-0.5,,peavymi01
253,Daniel Gafford,27,DAL,C,32,22,664,16.0,.665,.000,.497,10.6,20.9,15.9,5.8,1.7,5.2,18.4,14.4,0.8,1.1,2.0,.144,-2.3,1.9,-0.4,0.3,,gaffoda01
254,Nae'Qwan Tomlin,25,CLE,PF,39,2,663,13.8,.553,.370,.226,9.1,11.4,10.2,7.5,2.1,3.5,6.5,15.3,0.9,0.8,1.7,.120,-1.6,0.7,-0.9,0.2,,tomlina01
255,Isaiah Hartenstein,27,OKC,C,25,24,663,19.5,.655,.022,.339,14.5,26.5,20.8,15.3,2.0,2.7,19.6,17.4,1.4,1.6,3.0,.214,0.6,2.0,2.6,0.8,,harteis01
256,Sam Merrill,29,CLE,SG,26,17,661,14.4,.659,.801,.146,2.9,7.0,4.9,12.9,1.2,0.6,8.4,17.9,1.5,0.4,1.9,.137,1.8,-1.1,0.7,0.5,,merrisa01
257,Hugo González,19,BOS,SF,43,2,657,10.3,.587,.458,.141,6.4,17.6,12.0,5.1,1.9,1.9,14.7,11.6,0.4,0.8,1.3,.091,-2.9,0.9,-2.0,0.0,,gonzahu01
258,Goga Bitadze,26,ORL,C,40,1,657,20.3,.703,.069,.359,14.5,20.9,17.6,10.6,2.2,6.5,11.6,12.2,1.9,1.1,3.0,.219,0.9,2.4,3.3,0.9,,bitadgo01
259,Daniss Jenkins,24,DET,PG,39,7,653,14.2,.532,.395,.238,3.6,7.9,5.8,28.2,2.7,1.1,16.0,21.2,0.4,1.0,1.4,.102,-0.4,0.5,0.1,0.3,,jenkida01
260,Jaylen Clark,24,MIN,SG,46,0,650,9.7,.519,.418,.346,7.0,8.1,7.6,5.9,2.5,1.1,7.8,12.4,0.4,0.8,1.3,.093,-3.5,1.1,-2.4,-0.1,,clarkja02
261,Luka Garza,27,BOS,C,39,1,650,20.5,.692,.307,.360,16.8,12.2,14.5,9.2,1.2,3.1,8.8,15.9,2.6,0.6,3.2,.240,2.5,-0.1,2.5,0.7,,garzalu01
262,Danny Wolf,21,BRK,PF,33,6,649,11.8,.507,.472,.187,6.0,20.4,12.8,14.5,1.5,2.0,11.2,19.3,0.0,0.5,0.5,.038,-2.5,-0.5,-3.1,-0.2,,wolfda01
263,Ochai Agbaji,25,TOR,SG,41,13,648,7.6,.501,.381,.173,5.6,10.7,8.1,6.1,1.3,1.7,9.5,13.1,0.0,0.6,0.7,.048,-4.7,-0.1,-4.8,-0.5,,agbajoc01
264,Aaron Gordon,30,DEN,PF,23,20,642,20.6,.632,.385,.399,5.6,18.7,12.5,13.5,1.2,0.6,7.0,23.6,1.8,0.5,2.3,.170,3.9,-1.1,2.8,0.8,,gordoaa01
265,Cody Williams,21,UTA,SG,35,12,641,7.8,.516,.330,.137,4.7,8.2,6.4,6.1,1.2,2.0,9.4,13.8,-0.1,-0.1,-0.2,-0.012,-3.7,-2.5,-6.2,-0.7,,willico04
266,Jaylin Williams,23,OKC,PF,34,7,633,10.8,.498,.734,.254,3.3,23.4,13.8,16.3,1.5,3.3,14.9,15.1,0.0,1.4,1.4,.104,-2.1,2.4,0.3,0.4,,willija07
267,Jalen Pickett,26,DEN,SG,34,16,632,11.1,.541,.536,.061,3.2,13.8,8.8,20.0,1.0,0.4,12.8,14.7,0.5,0.3,0.9,.068,-1.0,-0.9,-1.9,0.0,,pickeja02
268,Anthony Davis,32,DAL,PF,20,20,626,21.7,.551,.111,.243,10.8,26.1,18.6,14.9,1.7,4.4,10.0,27.5,0.4,1.1,1.6,.120,1.5,1.1,2.6,0.7,,davisan02
269,Adem Bona,22,PHI,C,38,3,625,11.6,.625,.054,.674,11.1,15.1,13.1,1.9,1.0,7.6,19.0,10.0,0.5,0.8,1.3,.101,-3.8,0.7,-3.2,-0.2,,bonaad01
270,Caris LeVert,31,DET,SG,31,0,612,11.8,.541,.490,.260,1.5,8.6,5.1,19.3,2.2,3.2,16.2,18.2,0.1,0.9,1.0,.079,-1.4,1.3,-0.1,0.3,,leverca01
271,T.J. McConnell,33,IND,PG,35,0,602,21.1,.563,.122,.051,2.7,11.7,7.0,50.4,3.2,1.0,12.4,24.2,1.0,0.7,1.7,.133,2.0,1.3,3.4,0.8,,mccontj01
272,Tari Eason,24,HOU,PF,25,11,597,16.9,.579,.467,.115,9.2,19.2,14.2,8.7,2.8,2.5,13.8,20.7,0.6,1.0,1.7,.133,1.2,0.9,2.1,0.6,,easonta01
273,Jrue Holiday,35,POR,PG,21,19,590,16.4,.539,.506,.141,4.9,12.6,8.7,36.7,2.2,0.5,15.7,22.8,0.7,0.5,1.2,.102,2.2,-0.3,1.9,0.6,,holidjr01
274,Isaiah Jackson,24,IND,C,35,14,584,15.2,.619,.006,.422,14.1,21.0,17.4,6.4,1.7,3.7,17.6,16.0,0.6,0.7,1.4,.112,-3.0,0.1,-2.9,-0.1,,jacksis01
275,Alex Caruso,31,OKC,SG,32,0,582,13.7,.538,.613,.167,3.5,13.0,8.5,15.0,3.7,2.0,12.2,15.3,0.3,1.3,1.7,.136,-0.9,3.5,2.6,0.7,,carusal01
276,Jared McCain,21,PHI,SG,34,1,581,9.0,.491,.495,.114,0.7,13.0,6.7,13.4,1.8,0.3,10.8,18.9,-0.3,0.5,0.2,.017,-3.5,-0.8,-4.3,-0.3,,mccaija01
277,Al Horford,39,GSW,C,29,4,579,14.8,.557,.687,.071,5.3,22.6,13.8,15.8,2.0,5.0,12.6,15.6,0.4,1.0,1.4,.120,0.1,2.0,2.2,0.6,,horfoal01
278,Gary Payton II,33,GSW,SG,45,1,570,13.9,.582,.276,.077,9.3,17.5,13.4,17.5,2.0,2.2,17.6,16.8,0.4,0.8,1.2,.103,-1.9,1.3,-0.6,0.2,,paytoga02
279,Baylor Scheierman,25,BOS,SG,43,4,569,9.6,.624,.739,.090,3.3,14.3,8.8,7.7,2.1,0.4,13.5,10.1,0.6,0.6,1.2,.104,-2.7,1.3,-1.4,0.1,,scheiba01
280,Ja Morant,26,MEM,PG,20,20,569,16.7,.521,.264,.363,1.5,10.6,6.1,45.2,1.7,1.0,16.0,32.2,0.1,0.5,0.6,.050,0.4,-1.8,-1.4,0.1,,moranja01
281,Bones Hyland,25,MIN,PG,40,3,567,14.2,.575,.599,.184,2.2,10.1,6.2,25.0,1.8,1.4,12.7,19.9,0.8,0.7,1.4,.122,-0.2,0.7,0.5,0.4,,hylanbo01
282,Will Riley,19,WAS,SF,39,1,567,10.2,.508,.404,.254,5.3,8.6,7.0,11.8,1.7,0.6,13.0,18.1,-0.1,0.1,0.0,-0.004,-3.0,-2.0,-5.0,-0.4,,rileywi01
283,Bryce McGowens,23,NOP,SG,29,11,563,11.6,.606,.359,.438,1.9,9.7,5.7,9.1,1.4,0.7,7.6,14.6,0.8,0.1,1.0,.081,-2.1,-1.4,-3.5,-0.2,,mcgowbr01
284,Corey Kispert,26,2TM,SF,29,8,562,13.2,.613,.609,.259,1.9,10.3,6.0,11.9,1.2,0.6,9.9,18.1,0.7,0.1,0.8,.069,0.2,-1.8,-1.6,0.1,,kispeco01
285,Corey Kispert,26,WAS,SF,19,2,370,14.1,.649,.639,.286,1.7,10.9,6.3,12.4,1.0,0.7,9.5,16.7,0.7,0.0,0.7,.088,0.9,-2.0,-1.0,0.1,,kispeco01
286,Corey Kispert,26,ATL,SF,10,6,192,11.5,.556,.564,.218,2.2,9.1,5.7,10.8,1.5,0.5,10.5,20.8,0.0,0.1,0.1,.033,-1.3,-1.4,-2.7,0.0,,kispeco01
287,Tyler Kolek,24,NYK,PG,41,1,556,11.7,.528,.432,.084,2.5,12.9,7.6,29.5,1.6,0.5,18.3,18.2,0.3,0.5,0.9,.074,-1.5,0.1,-1.4,0.1,,kolekty01
288,Johnny Furphy,21,IND,SG,30,16,541,10.0,.560,.472,.252,5.5,20.8,12.9,7.0,1.7,1.1,14.0,12.8,0.1,0.6,0.6,.054,-3.6,0.4,-3.2,-0.2,,furphjo01
289,Domantas Sabonis,29,SAC,C,18,14,540,18.4,.589,.133,.360,11.6,30.4,20.8,21.5,1.5,0.7,17.5,22.6,0.5,0.5,1.0,.089,0.1,-0.1,0.0,0.3,,sabondo01
290,Jonas Valančiūnas,33,DEN,C,37,4,537,21.1,.617,.063,.310,12.7,27.4,20.4,14.4,0.7,3.9,13.7,25.7,1.0,0.7,1.6,.147,0.1,-0.7,-0.6,0.2,,valanjo01
291,Robert Williams,28,POR,C,33,1,537,21.8,.758,.102,.203,12.7,29.3,20.9,9.1,1.9,7.4,13.5,11.2,1.4,1.0,2.5,.220,2.4,2.7,5.1,1.0,,williro04
292,Cam Thomas,24,BRK,SG,22,8,535,13.1,.526,.368,.361,1.7,7.3,4.3,22.8,0.4,0.3,11.1,31.0,-0.1,0.0,0.0,-0.004,-0.7,-4.2,-4.9,-0.4,,thomaca02
293,Jaden Ivey,23,DET,SG,32,2,534,12.9,.575,.507,.180,4.0,10.4,7.2,13.4,1.3,2.2,13.3,20.2,0.4,0.7,1.0,.094,0.0,0.0,0.0,0.3,,iveyja01
294,Caleb Martin,30,DAL,SF,41,7,532,9.0,.500,.294,.229,4.1,14.3,9.3,14.7,2.4,1.7,18.4,11.6,-0.1,0.8,0.7,.060,-4.4,2.5,-1.9,0.0,,martica02
295,Jabari Walker,23,PHI,PF,42,6,531,10.7,.518,.450,.314,10.4,17.6,13.9,5.1,1.5,1.9,9.6,14.1,0.4,0.6,0.9,.084,-3.4,-0.6,-4.0,-0.3,,walkeja01
296,Jakob Poeltl,30,TOR,C,21,21,531,16.4,.691,.000,.370,11.9,22.4,17.1,12.0,1.5,2.0,18.3,14.5,0.9,0.8,1.7,.152,-0.7,1.1,0.4,0.3,,poeltja01
297,Gabe Vincent,29,LAL,PG,27,7,525,5.5,.512,.795,.090,1.6,3.9,2.8,8.7,1.1,0.2,8.0,11.4,0.2,0.1,0.2,.023,-3.8,-1.4,-5.2,-0.4,,vincega01
298,Justin Edwards,22,PHI,SF,36,5,522,9.3,.529,.667,.122,3.5,8.2,5.8,10.7,2.1,1.4,11.8,15.1,0.1,0.5,0.6,.054,-3.0,0.0,-2.9,-0.1,,edwarju01
299,Gary Harris,31,MIL,SG,35,2,518,8.0,.653,.618,.132,2.6,8.6,5.6,9.3,2.0,0.9,17.2,7.4,0.4,0.3,0.8,.071,-3.4,0.8,-2.5,-0.1,,harriga01
300,Josh Minott,23,BOS,PF,31,10,517,16.0,.656,.563,.193,8.4,16.4,12.4,8.4,2.3,2.2,11.5,13.8,1.1,0.7,1.8,.169,1.1,1.0,2.2,0.5,,minotjo01
301,Dwight Powell,34,DAL,C,34,7,510,11.9,.674,.000,1.132,10.7,17.1,14.0,9.0,1.7,2.0,18.5,8.0,0.9,0.7,1.6,.146,-3.0,1.8,-1.1,0.1,,poweldw01
302,Rayan Rupert,21,POR,SG,42,0,503,6.2,.435,.460,.111,4.2,12.0,8.0,7.7,2.6,0.4,13.1,12.3,-0.4,0.5,0.1,.014,-5.8,1.0,-4.8,-0.4,,ruperra01
303,Cole Anthony,25,MIL,PG,33,0,500,10.9,.493,.318,.118,3.0,15.4,9.2,34.1,2.0,1.9,21.4,26.0,-0.8,0.5,-0.4,-0.034,-3.9,-0.8,-4.7,-0.3,,anthoco01
304,Gui Santos,23,GSW,PF,39,4,497,12.6,.619,.590,.209,6.8,15.9,11.3,12.3,2.0,2.0,17.5,15.0,0.4,0.7,1.1,.101,-1.5,1.0,-0.5,0.2,,santogu01
305,Tidjane Salaün,20,CHO,PF,31,0,497,13.4,.642,.496,.213,5.6,24.6,15.4,7.4,1.2,1.3,13.5,15.1,0.6,0.6,1.1,.111,-0.8,0.2,-0.6,0.2,,salauti01
306,Zeke Nnaji,25,DEN,PF,36,2,495,12.0,.592,.331,.331,6.7,16.9,12.1,5.5,1.3,3.7,13.2,14.2,0.4,0.5,0.9,.085,-2.7,-0.4,-3.1,-0.1,,nnajize01
307,D'Angelo Russell,29,DAL,PG,26,3,495,12.4,.511,.483,.259,1.8,11.0,6.5,30.9,1.1,0.3,15.9,26.1,-0.3,0.4,0.1,.010,-0.7,-1.4,-2.2,0.0,,russeda01
308,Jordan Hawkins,23,NOP,SG,35,0,493,5.0,.424,.550,.107,3.0,10.8,6.8,7.0,0.8,1.4,11.1,16.7,-0.7,0.1,-0.7,-0.064,-4.6,-3.1,-7.7,-0.7,,hawkijo01
309,Taylor Hendricks,22,UTA,PF,33,6,492,10.2,.574,.547,.250,6.4,15.9,11.0,6.5,1.2,1.6,12.3,13.6,0.3,0.0,0.3,.028,-1.8,-2.0,-3.8,-0.2,,hendrta01
310,Jordan Miller,26,LAC,SF,26,0,490,16.6,.634,.356,.456,5.9,13.5,9.8,12.1,2.0,1.0,11.8,18.4,0.9,0.4,1.3,.129,1.1,-0.2,0.8,0.3,,millejo02
311,Tre Mann,24,CHO,PG,30,1,488,9.0,.478,.524,.084,4.5,11.0,7.9,19.9,1.4,0.6,14.5,23.8,-0.4,0.3,-0.1,-0.006,-3.3,-1.5,-4.9,-0.3,,manntr01
312,De'Anthony Melton,27,GSW,PG,23,0,487,14.1,.544,.466,.262,2.9,11.6,7.2,15.3,3.4,2.0,13.1,24.5,-0.1,0.8,0.7,.064,-2.9,0.8,-2.1,0.0,,meltode01
313,Nolan Traoré,19,BRK,PG,25,2,483,6.8,.464,.456,.195,0.7,7.3,3.8,21.9,1.1,1.7,16.1,17.5,-0.5,0.2,-0.3,-0.028,-5.2,-1.7,-6.9,-0.6,,traorno01
314,Jonathan Kuminga,23,GSW,PF,20,13,476,12.4,.543,.273,.340,6.6,20.5,13.5,15.7,0.8,1.1,17.1,23.8,-0.2,0.5,0.3,.032,-2.5,-1.1,-3.6,-0.2,,kuminjo01
315,Karlo Matković,24,NOP,PF,37,2,472,15.8,.690,.341,.119,6.9,20.0,13.3,7.5,1.2,5.5,12.0,13.2,0.8,0.4,1.2,.123,-0.2,0.4,0.2,0.3,,matkoka01
316,Dalton Knecht,24,LAL,SF,38,1,464,9.2,.552,.603,.115,2.9,11.5,7.3,3.9,0.9,1.8,9.4,16.9,0.0,0.2,0.2,.023,-2.4,-2.0,-4.4,-0.3,,knechda01
317,Landry Shamet,28,NYK,SG,23,6,464,12.8,.619,.734,.294,2.3,7.9,5.1,8.3,1.4,1.1,6.4,15.6,0.9,0.4,1.2,.128,0.7,0.1,0.7,0.3,,shamela01
318,Clint Capela,31,HOU,C,40,1,463,20.1,.552,.000,.281,22.2,21.4,21.8,6.1,2.2,6.2,11.1,13.8,0.9,0.9,1.8,.182,0.8,0.4,1.2,0.4,,capelca01
319,Pat Spencer,29,GSW,PG,34,4,460,12.6,.496,.313,.172,5.2,11.1,8.1,30.0,2.1,0.4,15.0,18.9,0.3,0.5,0.8,.079,-1.5,0.5,-0.9,0.1,,spencpa01
320,Kevin Love,37,UTA,PF,26,5,457,13.9,.554,.703,.223,10.2,26.3,18.1,13.9,0.9,1.7,11.4,16.6,0.5,0.1,0.7,.072,0.4,-1.4,-1.0,0.1,,loveke01
321,Dylan Cardwell,24,SAC,C,23,1,455,14.8,.586,.013,.380,15.7,24.6,20.1,7.6,1.8,7.5,16.3,10.4,0.6,0.6,1.2,.122,-3.3,1.4,-1.9,0.0,,cardwdy01
322,Kenrich Williams,31,OKC,PF,29,0,452,14.6,.601,.493,.162,5.6,16.0,11.1,14.1,1.7,0.9,11.1,16.4,0.6,0.8,1.4,.154,0.6,0.9,1.5,0.4,,willike04
323,Jalen Wilson,25,BRK,PF,32,0,450,8.5,.542,.641,.282,1.0,10.3,5.4,7.1,1.2,0.4,8.1,16.9,0.1,0.2,0.2,.023,-3.3,-1.9,-5.3,-0.4,,wilsoja03
324,Keaton Wallace,26,ATL,PG,39,2,445,11.1,.540,.615,.081,0.7,10.6,5.6,23.3,2.2,1.0,13.6,15.2,0.2,0.4,0.6,.068,-2.3,0.3,-2.0,0.0,,wallake01
325,Jericho Sims,27,MIL,C,32,4,445,8.7,.822,.000,.265,10.0,18.8,14.4,5.6,0.7,1.1,36.9,8.6,0.3,0.3,0.6,.064,-4.6,-1.1,-5.7,-0.4,,simsje01
326,Noah Penda,21,ORL,SF,32,2,438,13.5,.526,.402,.265,12.2,19.3,15.7,11.6,2.1,2.6,15.0,16.6,0.2,0.6,0.8,.085,-1.1,0.3,-0.8,0.1,,pendano01
327,John Konchar,29,MEM,SG,30,1,435,12.9,.619,.549,.183,4.9,17.4,11.2,11.9,3.4,2.8,15.4,8.6,0.4,0.8,1.2,.130,-1.5,4.0,2.6,0.5,,konchjo01
328,GG Jackson II,21,MEM,PF,26,3,431,11.5,.538,.455,.224,2.7,16.9,9.8,7.8,2.0,3.1,11.7,19.6,-0.2,0.6,0.4,.045,-3.4,0.7,-2.7,-0.1,,jacksgg01
329,Aaron Holiday,29,HOU,PG,32,1,429,9.7,.563,.685,.208,1.0,5.9,3.5,9.7,1.5,0.9,11.4,17.8,0.4,0.4,0.8,.087,-2.3,-0.4,-2.7,-0.1,,holidaa01
330,Drew Eubanks,28,SAC,C,30,11,420,11.9,.609,.036,.391,6.5,15.5,10.9,2.8,1.4,4.1,16.2,15.7,0.0,0.2,0.3,.032,-3.7,-0.7,-4.4,-0.3,,eubandr01
331,Tony Bradley,28,IND,C,38,3,416,13.2,.604,.019,.406,13.9,13.7,13.8,7.1,0.7,1.5,12.0,14.4,0.7,0.3,0.9,.109,-2.5,-1.5,-4.0,-0.2,,bradlto01
332,Kristaps Porziņģis,30,ATL,C,17,12,413,20.5,.592,.410,.386,5.5,17.5,11.4,16.8,1.0,4.8,6.1,26.5,0.9,0.5,1.4,.162,2.6,0.7,3.3,0.6,,porzikr01
333,Jaden Hardy,23,DAL,SG,33,4,411,10.7,.547,.637,.200,2.9,8.5,5.8,10.3,0.9,0.4,11.2,23.8,-0.1,0.3,0.2,.023,-2.0,-1.8,-3.8,-0.2,,hardyja02
334,Derrick Jones Jr.,28,LAC,SF,17,13,411,15.3,.674,.470,.265,4.4,8.3,6.4,7.4,1.6,4.2,9.7,15.6,0.8,0.3,1.1,.124,0.9,-0.1,0.7,0.3,,jonesde02
335,Trayce Jackson-Davis,25,GSW,C,35,1,408,16.0,.601,.010,.510,12.5,17.7,15.1,11.1,1.5,4.2,12.6,14.7,0.7,0.6,1.3,.148,-0.9,0.8,-0.2,0.2,,jackstr02
336,Christian Braun,24,DEN,SG,14,14,404,10.4,.532,.297,.288,5.9,10.4,8.3,11.4,1.1,1.4,12.0,15.5,0.2,0.2,0.4,.050,-2.2,-1.3,-3.5,-0.1,,braunch01
337,Josh Green,25,CHO,SG,25,0,401,9.8,.596,.722,.122,7.3,7.4,7.3,8.6,1.7,0.4,14.4,11.6,0.4,0.3,0.7,.081,-1.6,0.1,-1.5,0.0,,greenjo02
338,Kyle Anderson,32,UTA,SF,20,0,401,14.3,.565,.046,.349,5.1,13.1,9.0,20.9,2.7,2.4,11.9,14.7,0.5,0.2,0.7,.082,-1.0,0.5,-0.5,0.2,,anderky01
339,Jonathan Isaac,28,ORL,PF,39,0,396,12.1,.523,.381,.571,8.6,21.0,14.7,4.6,1.8,4.9,12.5,12.8,0.1,0.6,0.7,.085,-2.7,0.9,-1.8,0.0,,isaacjo01
340,Jase Richardson,20,ORL,SG,33,0,396,12.5,.591,.410,.230,4.7,8.5,6.6,15.2,1.0,0.4,12.1,18.5,0.4,0.2,0.6,.079,-0.7,-1.5,-2.2,0.0,,richaja02
341,Tyrese Proctor,21,CLE,PG,36,1,390,10.7,.533,.623,.170,1.6,9.8,5.7,17.3,1.7,0.0,11.4,20.5,0.1,0.3,0.5,.056,-2.6,-0.7,-3.3,-0.1,,proctty01
342,Paul Reed,26,DET,C,33,6,386,21.4,.618,.149,.239,17.6,21.8,19.7,14.7,3.6,4.9,18.2,19.3,0.6,0.9,1.5,.189,0.6,2.6,3.3,0.5,,reedpa01
343,Trendon Watford,25,PHI,PF,25,4,383,13.3,.576,.180,.306,5.1,18.2,11.5,24.5,1.0,1.4,17.1,16.8,0.4,0.4,0.8,.100,-1.7,0.4,-1.3,0.1,,watfotr01
344,Asa Newell,20,ATL,PF,34,0,371,14.3,.640,.477,.156,9.0,11.5,10.2,6.8,1.5,2.9,11.6,17.5,0.4,0.4,0.8,.101,-0.9,-0.7,-1.6,0.0,,newelas01
345,Guerschon Yabusele,30,NYK,C,41,0,366,8.6,.499,.636,.112,7.0,19.2,13.0,6.4,0.8,1.4,11.8,14.6,0.0,0.4,0.4,.050,-3.1,-0.8,-3.9,-0.2,,yabusgu01
346,Jeremiah Robinson-Earl,25,2TM,PF,22,3,361,9.5,.468,.410,.180,10.3,20.4,15.2,5.7,1.2,0.2,10.0,14.0,0.0,0.3,0.3,.039,-3.5,-1.6,-5.1,-0.3,,robinje02
347,Jeremiah Robinson-Earl,25,IND,PF,17,3,300,8.8,.443,.398,.169,11.0,20.8,15.7,5.5,1.1,0.3,10.1,13.9,-0.1,0.2,0.2,.025,-3.5,-1.8,-5.3,-0.3,,robinje02
348,Jeremiah Robinson-Earl,25,DAL,PF,5,0,61,13.0,.586,.471,.235,7.1,18.5,13.0,6.7,1.5,0.0,9.6,14.3,0.1,0.1,0.1,.112,-3.1,-0.9,-4.0,0.0,,robinje02
349,Bogdan Bogdanović,33,LAC,SG,16,3,360,8.5,.511,.615,.162,1.7,13.0,7.5,17.2,1.1,0.3,13.2,17.8,0.0,0.2,0.1,.019,-2.7,-1.0,-3.8,-0.2,,bogdabo01
350,Jamaree Bouyea,26,PHO,PG,23,0,358,17.0,.601,.360,.132,3.4,11.1,7.1,16.9,2.2,2.4,8.9,18.5,0.6,0.4,1.1,.144,1.5,1.3,2.7,0.4,,bouyeja01
351,Branden Carlson,26,OKC,C,33,2,357,15.4,.602,.453,.133,5.8,18.3,12.3,7.5,0.8,4.4,8.1,17.9,0.4,0.7,1.1,.146,-0.4,0.2,-0.2,0.2,,carlsbr01
352,Jeremy Sochan,22,SAS,PF,27,0,354,10.0,.543,.357,.163,8.0,14.1,11.1,10.7,1.4,1.0,14.6,14.7,0.2,0.5,0.6,.082,-3.5,0.2,-3.3,-0.1,,sochaje01
353,Cam Whitmore,21,WAS,SF,21,0,354,13.8,.528,.331,.183,5.6,11.7,8.6,6.6,2.0,2.0,9.0,23.6,-0.1,0.1,0.1,.009,-1.1,-2.1,-3.2,-0.1,,whitmca01
354,Quenton Jackson,27,IND,PG,23,9,349,12.4,.568,.388,.438,3.5,9.9,6.6,17.5,1.9,1.0,15.3,20.6,0.1,0.3,0.4,.052,-2.1,0.4,-1.7,0.0,,jacksqu01
355,Tyler Herro,26,MIA,SG,11,10,349,18.1,.605,.370,.227,1.8,13.6,7.6,13.3,1.5,1.3,7.9,25.1,0.5,0.4,0.9,.123,2.5,0.2,2.7,0.4,,herroty01
356,Kasparas Jakučionis,19,MIA,PG,23,7,348,8.6,.517,.602,.241,5.6,10.4,8.0,15.0,1.9,0.3,16.4,12.8,0.1,0.4,0.5,.069,-3.3,1.0,-2.4,0.0,,jakucka01
357,Jamir Watkins,24,WAS,SG,22,2,343,8.2,.501,.571,.286,5.5,17.9,11.6,5.6,2.4,2.3,14.2,11.2,0.0,0.3,0.2,.031,-6.0,0.3,-5.7,-0.3,,watkija01
358,Tristan Vukcevic,22,WAS,C,30,2,342,15.8,.557,.390,.468,5.2,16.7,10.9,13.0,1.1,5.1,13.9,26.3,0.0,0.2,0.2,.031,-1.5,-1.1,-2.5,0.0,,vukcetr01
359,Liam McNeeley,20,CHO,SF,28,0,342,9.3,.566,.659,.352,3.7,15.8,9.9,8.9,0.7,0.8,10.6,14.0,0.3,0.2,0.6,.081,-2.0,-0.4,-2.4,0.0,,mcneeli01
360,Thomas Bryant,28,CLE,C,34,0,333,17.5,.646,.518,.272,8.0,21.7,14.8,8.7,1.1,3.6,9.2,17.5,0.7,0.4,1.2,.168,0.9,0.0,0.9,0.2,,bryanth01
361,Rob Dillingham,21,MIN,PG,35,0,326,6.0,.404,.234,.142,1.7,11.9,6.9,24.0,2.8,0.8,19.4,24.0,-1.0,0.5,-0.5,-0.071,-7.8,-0.2,-8.0,-0.5,,dilliro01
362,Moussa Cisse,23,DAL,C,27,1,319,16.1,.606,.000,.871,17.4,23.2,20.4,2.5,1.5,8.4,19.7,14.0,0.3,0.6,0.9,.135,-3.9,1.5,-2.4,0.0,,cissemo01
363,Cam Christie,20,LAC,SG,32,0,318,10.3,.525,.422,.444,4.2,15.4,9.9,8.9,1.3,0.6,11.5,17.0,0.0,0.2,0.2,.036,-2.7,-1.5,-4.2,-0.2,,chrisca02
364,Jett Howard,22,ORL,SF,28,0,308,10.7,.516,.634,.146,3.5,11.0,7.2,11.0,0.6,1.2,4.4,18.7,0.2,0.2,0.4,.065,-1.2,-1.6,-2.8,-0.1,,howarje01
365,Ethan Thompson,26,IND,SG,20,5,306,6.9,.479,.691,.185,3.7,8.7,6.1,11.7,1.6,1.4,12.0,13.7,-0.1,0.2,0.1,.013,-4.3,0.3,-4.0,-0.2,,thompet01
366,Dalen Terry,23,CHI,SG,31,0,305,11.4,.541,.451,.159,5.7,12.4,9.1,13.5,3.0,2.3,17.0,14.6,0.0,0.3,0.4,.058,-3.0,1.2,-1.8,0.0,,terryda01
367,Jamison Battle,24,TOR,SF,35,2,301,11.5,.686,.585,.110,3.7,15.5,9.5,6.4,0.8,0.7,13.1,14.0,0.3,0.3,0.6,.096,-1.3,-0.5,-1.8,0.0,,battlja01
368,Nick Smith Jr.,21,LAL,SG,23,1,300,9.6,.543,.548,.089,0.8,6.1,3.5,13.0,1.3,0.6,12.3,21.2,-0.1,0.1,0.0,.001,-2.3,-2.5,-4.9,-0.2,,smithni01
369,Larry Nance Jr.,33,CLE,PF,22,2,300,8.0,.452,.512,.060,7.1,13.9,10.5,9.6,2.2,1.2,10.4,13.3,0.0,0.3,0.3,.050,-4.9,0.8,-4.1,-0.2,,nancela02
370,Julian Phillips,22,CHI,SF,33,2,299,9.4,.541,.579,.105,7.3,7.0,7.2,3.0,2.4,1.7,7.0,12.1,0.2,0.2,0.4,.062,-3.0,0.0,-3.0,-0.1,,phillju01
371,Micah Potter,27,IND,C,17,2,299,12.7,.610,.679,.395,4.5,20.1,12.0,10.9,0.8,1.5,11.2,15.1,0.4,0.2,0.6,.102,-1.0,-0.5,-1.5,0.0,,pottemi01
372,Carter Bryant,20,SAS,PF,37,0,298,6.4,.450,.546,.124,5.5,16.7,11.2,3.1,1.0,1.5,10.5,16.2,-0.3,0.4,0.1,.009,-5.3,-1.1,-6.3,-0.3,,bryanca01
373,Julian Strawther,23,DEN,SG,26,1,291,9.8,.513,.417,.427,0.8,13.7,7.6,10.4,1.4,0.6,8.1,18.7,0.0,0.2,0.2,.037,-4.0,-1.2,-5.1,-0.2,,strawju01
374,Ousmane Dieng,22,OKC,C,25,0,286,10.9,.566,.536,.071,3.2,11.9,7.8,12.3,0.3,2.4,7.5,14.2,0.3,0.4,0.7,.119,-0.9,0.2,-0.7,0.1,,diengou01
375,Zach Edey,23,MEM,C,11,11,284,20.7,.669,.051,.327,16.1,29.3,22.8,6.6,1.2,6.9,18.8,20.1,0.4,0.5,0.9,.154,-0.6,1.5,0.9,0.2,,edeyza01
376,Terrence Shannon Jr.,25,MIN,SG,22,0,282,6.9,.538,.457,.333,2.4,8.4,5.4,6.4,1.2,0.3,13.9,16.1,-0.1,0.3,0.2,.032,-4.8,-0.8,-5.6,-0.2,,shannte01
377,Trae Young,27,ATL,PG,10,10,280,19.8,.577,.437,.541,0.0,5.9,2.9,45.7,1.7,0.3,13.5,28.9,0.7,0.2,0.9,.147,3.3,-1.9,1.4,0.2,,youngtr01
378,Ariel Hukporti,23,NYK,C,32,4,279,11.2,.593,.029,.629,13.0,22.4,17.6,7.4,0.9,6.5,27.6,9.3,0.2,0.4,0.6,.105,-4.0,1.6,-2.3,0.0,,hukpoar01
379,Christian Koloko,25,3TM,C,18,3,279,9.6,.484,.074,.074,9.2,13.8,11.5,6.5,2.0,6.7,16.5,9.9,0.0,0.4,0.4,.063,-5.1,2.1,-2.9,-0.1,,kolokch01
380,Christian Koloko,25,LAL,C,2,0,6,-0.4,,,,0.0,18.9,9.7,0.0,0.0,0.0,,0.0,0.0,0.0,0.0,.017,-6.5,-1.8,-8.3,0.0,,kolokch01
381,Christian Koloko,25,MEM,C,11,2,195,9.0,.394,.029,.114,10.4,13.5,12.0,6.5,2.4,6.3,16.0,9.3,-0.1,0.3,0.2,.052,-4.9,2.1,-2.8,0.0,,kolokch01
382,Christian Koloko,25,ATL,C,5,1,78,11.8,.658,.158,.000,6.9,14.1,10.4,6.9,1.2,8.2,17.4,12.4,0.1,0.1,0.2,.094,-5.4,2.5,-2.9,0.0,,kolokch01
383,Kobe Brown,26,LAC,PF,31,0,278,10.9,.498,.584,.338,7.8,13.5,10.7,12.6,1.4,0.7,11.1,15.9,0.1,0.2,0.3,.053,-1.5,-1.3,-2.7,-0.1,,brownko01
384,Ben Saraf,19,BRK,SG,16,5,277,5.2,.449,.500,.192,2.4,8.4,5.2,21.6,2.2,1.3,27.4,18.4,-0.7,0.2,-0.5,-0.087,-6.3,-1.4,-7.7,-0.4,,sarafbe01
385,Malaki Branham,22,WAS,SG,28,0,275,14.1,.604,.407,.374,4.6,12.3,8.4,11.9,1.7,1.0,12.4,18.3,0.3,0.1,0.4,.073,-1.0,-1.4,-2.4,0.0,,branhma01
386,Isaiah Livers,27,PHO,PF,26,0,268,10.2,.571,.694,.204,6.5,16.0,11.2,9.1,2.2,2.5,18.3,10.3,0.2,0.4,0.5,.097,-2.0,1.8,-0.2,0.1,,liveris01
387,Kelly Olynyk,34,SAS,C,28,0,267,13.1,.569,.528,.417,7.4,13.9,10.7,17.6,2.3,0.3,15.8,16.0,0.3,0.4,0.7,.122,-1.7,1.2,-0.5,0.1,,olynyke01
388,Olivier-Maxence Prosper,23,MEM,PF,23,0,259,12.1,.619,.365,.432,6.2,14.6,10.4,8.0,0.7,1.1,15.4,16.6,0.2,0.2,0.5,.086,-1.9,-1.0,-2.9,-0.1,,prospol01
389,Duop Reath,29,POR,C,32,0,258,10.7,.613,.743,.081,4.1,11.9,7.9,5.5,0.9,2.8,8.4,13.1,0.3,0.2,0.5,.096,-0.8,-0.2,-1.0,0.1,,reathdu01
390,Nick Richards,28,PHO,C,28,2,254,11.4,.534,.000,.394,15.0,24.9,19.9,4.4,0.8,5.2,23.1,17.9,-0.2,0.4,0.2,.044,-5.9,-0.7,-6.7,-0.3,,richani01
391,Maxi Kleber,34,LAL,PF,22,1,244,6.9,.467,.405,.333,7.9,11.2,9.6,7.6,1.4,1.9,12.7,9.8,0.1,0.1,0.2,.042,-4.4,-0.6,-5.0,-0.2,,klebima01
392,Kevon Looney,29,NOP,C,17,6,237,13.0,.455,.191,.170,17.4,22.5,19.9,13.5,1.2,3.3,13.7,10.2,0.3,0.2,0.4,.090,-1.7,-0.8,-2.6,0.0,,looneke01
393,Dorian Finney-Smith,32,HOU,PF,15,0,236,4.4,.429,.800,.060,6.5,11.7,9.1,4.6,1.1,0.8,14.9,10.6,-0.1,0.2,0.1,.025,-5.3,-0.6,-5.9,-0.2,,finnedo01
394,Jevon Carter,30,CHI,PG,22,0,234,12.3,.580,.753,.108,2.3,7.2,4.8,10.5,2.4,0.0,9.3,19.4,0.1,0.2,0.3,.060,-0.7,-0.5,-1.2,0.0,,carteje01
395,Yang Hansen,20,POR,C,28,1,233,3.2,.393,.434,.237,6.4,16.4,11.3,11.5,0.4,3.0,22.2,18.8,-0.6,0.2,-0.4,-0.088,-8.4,-0.4,-8.8,-0.4,,yangha01
396,Jae'Sean Tate,30,HOU,SF,29,0,232,10.9,.551,.328,.078,10.0,10.5,10.2,8.6,1.3,1.2,10.8,13.3,0.3,0.2,0.5,.109,-2.9,-0.5,-3.4,-0.1,,tateja01
397,Chris Paul,40,LAC,PG,16,0,228,8.2,.413,.536,.036,3.2,11.0,7.2,31.5,2.4,0.0,22.0,14.2,-0.1,0.2,0.1,.013,-4.0,-0.4,-4.3,-0.1,,paulch01
398,Yanic Konan Niederhäuser,22,LAC,C,27,0,226,14.6,.656,.055,.564,11.2,16.6,14.0,5.3,0.4,4.6,14.9,15.9,0.4,0.2,0.5,.113,-3.2,-1.1,-4.4,-0.1,,konanya01
399,KJ Simpson,23,CHO,PG,14,2,223,7.8,.437,.438,.180,2.6,11.8,7.4,21.9,3.3,0.0,20.0,22.7,-0.5,0.3,-0.2,-0.048,-5.7,0.1,-5.6,-0.2,,simpskj01
400,Amir Coffey,28,MIL,SG,27,0,214,6.9,.538,.500,.318,2.7,7.8,5.3,4.9,0.5,0.9,7.4,11.2,0.1,0.1,0.1,.030,-3.8,-2.2,-6.0,-0.2,,coffeam01
401,Mohamed Diawara,20,NYK,SF,38,5,208,11.0,.515,.568,.081,4.6,16.7,10.5,12.3,2.1,1.9,13.5,17.9,0.0,0.3,0.3,.060,-2.1,0.3,-1.8,0.0,,diawamo01
402,Garrison Mathews,29,IND,SG,15,1,196,11.4,.628,.885,.442,1.1,8.5,4.6,7.1,1.5,1.3,4.6,14.0,0.3,0.1,0.4,.109,-1.3,0.1,-1.2,0.0,,mathega01
403,Nigel Hayes-Davis,31,PHO,SF,27,0,195,4.2,.356,.348,.087,6.7,12.2,9.4,4.6,2.0,1.0,14.3,12.0,-0.3,0.2,-0.1,-0.019,-6.4,-0.8,-7.2,-0.3,,hayesni01
404,Brooks Barnhizer,23,OKC,SG,26,0,192,7.3,.490,.207,.207,5.4,18.9,12.5,5.6,1.3,1.0,13.6,8.3,0.0,0.4,0.4,.091,-3.9,1.2,-2.7,0.0,,barnhbr01
405,Lindy Waters III,28,SAS,SG,27,0,188,6.3,.496,.870,.019,1.2,10.7,6.0,7.6,1.0,0.0,5.2,12.9,0.0,0.2,0.2,.051,-3.5,0.0,-3.5,-0.1,,waterli01
406,Rasheer Fleming,21,PHO,PF,28,0,186,9.1,.438,.554,.149,10.6,10.9,10.7,3.7,1.6,3.1,7.1,19.2,-0.1,0.2,0.1,.028,-4.5,-1.6,-6.1,-0.2,,flemira01
407,Javon Small,23,MEM,PG,15,0,184,10.0,.512,.552,.293,2.9,8.6,5.8,35.0,1.0,1.0,22.5,18.9,0.0,0.1,0.1,.034,-2.0,-1.3,-3.3,-0.1,,smallja01
408,Zach Collins,28,CHI,C,10,0,184,18.1,.666,.328,.313,9.5,22.8,16.3,11.8,0.5,1.9,12.1,19.0,0.4,0.1,0.5,.141,1.0,-0.8,0.2,0.1,,colliza01
409,Bronny James,21,LAL,SG,26,1,179,8.4,.488,.522,.109,2.7,5.1,3.9,20.2,2.7,0.5,19.9,14.6,-0.1,0.1,0.1,.015,-3.1,-0.9,-4.0,-0.1,,jamesbr02
410,RayJ Dennis,24,3TM,PG,15,0,177,6.8,.416,.534,.123,4.7,9.5,7.0,23.8,1.1,2.0,16.3,21.9,-0.4,0.1,-0.3,-0.070,-4.0,-1.1,-5.1,-0.1,,dennira01
411,RayJ Dennis,24,IND,PG,13,0,168,6.6,.421,.528,.125,4.9,8.6,6.7,22.4,0.9,2.1,15.6,22.6,-0.4,0.1,-0.3,-0.074,-3.9,-1.4,-5.3,-0.1,,dennira01
412,RayJ Dennis,24,LAC,PG,1,0,4,-6.0,,,,0.0,56.9,29.2,0.0,0.0,0.0,100.0,11.1,0.0,0.0,0.0,-0.279,-15.5,-0.4,-15.9,0.0,,dennira01
413,RayJ Dennis,24,ATL,PG,1,0,5,22.1,.000,1.000,.000,0.0,0.0,0.0,89.3,9.4,0.0,0.0,8.4,0.0,0.0,0.0,.245,1.4,9.2,10.5,0.0,,dennira01
414,DaRon Holmes,23,DEN,PF,13,6,171,10.2,.615,.810,.190,3.5,11.9,7.9,11.2,0.0,2.1,9.9,13.0,0.2,0.1,0.3,.084,-0.8,-1.5,-2.2,0.0,,holmeda01
415,Taurean Prince,31,MIL,SF,8,0,169,7.7,.623,.737,.079,0.0,8.6,4.3,6.3,1.7,1.1,11.3,11.6,0.1,0.1,0.2,.050,-3.4,-0.4,-3.7,-0.1,,princta02
416,AJ Johnson,21,WAS,SG,23,0,163,1.3,.306,.306,.065,4.5,12.3,8.4,11.3,1.5,0.0,14.7,19.1,-0.6,0.0,-0.6,-0.173,-8.7,-3.7,-12.5,-0.4,,johnsaj01
417,Joan Beringer,19,MIN,PF,23,0,162,18.9,.662,.000,.200,17.2,16.6,16.9,5.4,0.9,5.4,9.9,15.7,0.4,0.2,0.7,.194,-0.7,0.1,-0.6,0.1,,berinjo01
418,Chaz Lanier,24,DET,SG,18,0,162,10.0,.517,.824,.098,4.1,7.4,5.8,9.5,1.5,0.0,3.6,14.0,0.2,0.2,0.4,.105,-1.3,-0.6,-2.0,0.0,,laniech01
419,Hunter Tyson,25,DEN,PF,20,2,159,5.4,.367,.627,.216,3.0,21.0,12.4,13.3,0.6,0.6,8.2,16.8,-0.2,0.1,-0.1,-0.038,-6.1,-1.8,-7.9,-0.2,,tysonhu01
420,Pat Connaughton,33,CHO,SG,22,0,155,15.5,.621,.600,.289,4.5,17.0,10.9,12.7,1.6,0.6,5.6,14.6,0.3,0.1,0.5,.152,1.9,1.0,2.9,0.2,,connapa01
421,Walker Kessler,24,UTA,C,5,5,154,20.7,.786,.216,.541,16.1,22.4,19.2,13.9,2.1,5.7,25.9,16.6,0.3,0.1,0.5,.143,1.7,1.6,3.3,0.2,,kesslwa01
422,PJ Hall,23,2TM,C,15,2,154,17.7,.653,.114,.455,17.2,20.5,18.9,6.6,0.3,5.3,17.2,17.4,0.3,0.2,0.4,.140,-0.1,-0.4,-0.5,0.1,,hallpj01
423,PJ Hall,23,MEM,C,7,0,27,18.9,.630,.333,.333,11.8,23.4,17.7,11.0,0.0,7.0,8.8,17.3,0.1,0.0,0.1,.172,1.6,0.4,1.9,0.0,,hallpj01
424,PJ Hall,23,CHO,C,8,2,127,17.4,.659,.057,.486,18.3,19.9,19.1,5.7,0.4,5.0,19.1,17.4,0.2,0.1,0.4,.133,-0.4,-0.6,-1.1,0.0,,hallpj01
425,Chris Youngblood,23,OKC,SG,30,0,148,10.6,.533,.900,.200,4.6,12.6,8.8,7.8,1.0,0.7,1.8,16.2,0.2,0.2,0.4,.131,-2.0,-0.8,-2.8,0.0,,youngch01
426,JD Davison,23,HOU,PG,21,0,146,9.0,.454,.538,.231,1.5,9.8,5.7,17.4,1.7,2.5,10.4,13.7,0.1,0.2,0.2,.072,-3.1,1.3,-1.8,0.0,,davisjd01
427,Keshad Johnson,24,MIA,SF,19,0,145,9.6,.486,.404,.288,9.2,15.6,12.4,0.9,1.6,2.5,10.7,18.3,-0.1,0.2,0.1,.031,-4.7,-0.9,-5.7,-0.1,,johnske10
428,Taelon Peter,23,IND,SG,22,0,139,7.2,.446,.925,.150,4.4,13.6,8.9,15.6,2.1,1.3,19.0,16.0,-0.2,0.1,-0.1,-0.023,-3.5,0.0,-3.5,-0.1,,peterta01
429,Grant Williams,27,CHO,PF,8,0,139,7.9,.434,.732,.220,5.9,15.8,11.0,7.6,1.8,1.3,10.0,15.1,-0.1,0.1,0.1,.019,-3.9,0.0,-3.9,-0.1,,willigr01
430,Jonathan Mogbo,24,TOR,PF,21,0,138,9.6,.497,.000,.179,9.6,20.6,15.0,9.4,1.1,2.9,16.6,11.2,0.0,0.2,0.2,.066,-4.4,-0.4,-4.7,-0.1,,mogbojo01
431,Andre Jackson Jr.,24,MIL,SG,21,0,132,6.6,.431,.657,.286,4.3,8.4,6.4,19.5,1.8,1.5,16.9,15.9,-0.1,0.1,0.0,-0.003,-5.8,-1.3,-7.0,-0.2,,jacksan01
432,Myron Gardner,24,MIA,SF,19,0,130,18.1,.590,.587,.239,11.8,16.6,14.2,15.5,2.5,2.7,3.8,16.4,0.4,0.2,0.6,.214,0.7,2.6,3.4,0.2,,gardnmy01
433,Pete Nance,25,MIL,PF,16,0,127,16.4,.683,.512,.000,6.3,14.9,10.6,7.0,2.3,2.3,12.8,16.4,0.2,0.1,0.3,.110,1.8,-0.3,1.6,0.1,,nancepe01
434,Jamal Cain,26,ORL,SF,18,0,126,7.7,.534,.486,.486,6.1,5.4,5.7,5.3,1.5,0.7,11.8,17.0,0.0,0.1,0.1,.046,-5.6,-1.6,-7.1,-0.2,,cainja01
435,Mason Plumlee,35,CHO,C,14,2,125,13.4,.752,.000,1.000,9.3,26.4,18.1,16.3,2.4,0.0,34.2,8.9,0.2,0.2,0.3,.130,-1.6,2.4,0.8,0.1,,plumlma01
436,Marcus Sasser,25,DET,PG,13,0,125,18.1,.612,.648,.204,0.9,10.5,5.7,26.3,2.7,1.6,12.0,22.0,0.3,0.2,0.5,.187,1.8,1.9,3.7,0.2,,sassema01
437,Drew Timme,25,LAL,PF,14,0,121,15.4,.665,.382,.088,7.0,11.3,9.2,16.4,2.0,0.0,12.4,14.4,0.3,0.1,0.3,.135,0.6,-0.6,-0.1,0.1,,timmedr01
438,Bradley Beal,32,LAC,SG,6,6,121,5.1,.476,.396,.167,2.0,2.8,2.4,12.4,1.2,0.0,14.9,22.2,-0.2,0.0,-0.2,-0.075,-6.6,-3.9,-10.5,-0.3,,bealbr01
439,Devin Carter,23,SAC,PG,14,0,119,9.9,.479,.512,.209,5.5,12.5,8.9,17.4,2.4,1.5,17.6,20.5,-0.1,0.1,-0.1,-0.023,-3.2,-0.5,-3.7,-0.1,,cartede02
440,Jordan McLaughlin,29,SAS,PG,20,0,117,12.1,.537,.528,.139,3.7,9.1,6.4,17.2,4.1,0.0,17.3,16.7,0.0,0.2,0.2,.085,-2.7,2.8,0.0,0.1,,mclaujo01
441,Dereck Lively II,21,DAL,C,7,4,115,15.0,.670,.000,.556,13.2,20.5,17.0,14.6,1.6,8.0,30.9,11.8,0.1,0.2,0.3,.142,-3.1,3.9,0.8,0.1,,livelde01
442,Anthony Gill,33,WAS,PF,23,0,114,14.4,.745,.269,.192,11.0,17.6,14.3,3.7,0.8,3.1,22.1,13.2,0.2,0.0,0.2,.082,-2.0,-2.1,-4.2,-0.1,,gillan01
443,Xavier Tillman Sr.,27,BOS,C,13,1,110,11.7,.517,.467,.000,10.1,15.0,12.6,6.0,2.7,1.8,14.3,13.7,0.0,0.2,0.2,.080,-1.8,0.8,-1.0,0.0,,tillmxa01
444,A.J. Lawson,25,TOR,SG,11,0,106,12.4,.545,.537,.220,7.3,16.1,11.6,3.9,1.8,2.8,8.2,19.7,0.1,0.1,0.2,.092,-2.1,-0.4,-2.6,0.0,,lawsoaj01
445,Luke Travers,24,CLE,SG,12,0,103,10.2,.350,.444,.250,9.4,16.0,12.6,10.8,3.2,3.6,7.0,17.3,-0.1,0.2,0.1,.024,-4.3,1.0,-3.3,0.0,,travelu01
446,Amari Williams,24,BOS,PF,12,2,103,10.0,.542,.000,.800,5.4,22.4,14.0,7.1,1.0,8.9,22.8,11.0,0.0,0.2,0.2,.075,-4.8,2.7,-2.1,0.0,,william01
447,Blake Wesley,22,POR,SG,6,0,98,12.7,.469,.294,.294,2.2,13.4,7.7,27.9,4.9,0.9,15.4,18.8,0.0,0.2,0.1,.069,-4.5,3.9,-0.7,0.0,,weslebl01
448,Leonard Miller,22,MIN,SF,19,0,95,12.2,.581,.364,.333,8.2,20.4,14.4,7.6,2.0,0.0,19.2,20.7,0.0,0.1,0.1,.054,-5.2,-0.5,-5.7,-0.1,,millele01
449,Chris Boucher,33,BOS,PF,9,0,94,7.8,.392,.600,.160,2.4,18.7,10.6,4.0,2.7,7.6,3.6,12.7,-0.1,0.2,0.1,.053,-5.8,2.4,-3.4,0.0,,bouchch01
450,Khaman Maluach,19,PHO,C,21,0,92,5.4,.512,.250,.500,7.1,16.0,11.5,4.2,0.5,7.2,29.1,15.7,-0.2,0.1,0.0,-0.019,-9.9,0.2,-9.7,-0.2,,maluakh01
451,Kam Jones,23,IND,SG,13,0,88,5.6,.364,.357,.071,3.5,7.6,5.5,17.6,1.6,0.0,9.4,15.3,-0.1,0.0,-0.1,-0.053,-5.2,-1.3,-6.5,-0.1,,joneska03
452,Alijah Martin,24,TOR,SG,10,0,88,11.8,.480,.423,.462,7.5,7.7,7.6,11.8,2.8,3.4,8.8,16.6,0.0,0.1,0.2,.087,-2.6,1.4,-1.2,0.0,,martial01
453,Adou Thiero,21,LAL,SF,15,0,87,8.1,.465,.056,.444,9.7,14.3,12.1,7.3,2.8,1.1,15.7,12.7,0.0,0.1,0.1,.041,-5.9,-0.1,-6.0,-0.1,,thierad01
454,Kevin McCullar Jr.,24,NYK,SF,12,0,87,11.5,.556,.609,.217,9.8,15.4,12.5,22.3,2.3,0.0,24.1,16.0,0.1,0.1,0.2,.087,-1.6,0.5,-1.1,0.0,,mcculke01
455,Obi Toppin,27,IND,PF,3,0,82,11.9,.526,.472,.250,3.8,23.1,13.1,9.5,1.7,0.0,13.1,23.6,-0.1,0.1,0.0,.010,-2.4,-0.4,-2.8,0.0,,toppiob01
456,Miles Kelly,23,DAL,PG,10,0,81,9.6,.518,.786,.000,5.4,12.7,9.1,10.1,1.7,0.0,9.7,16.1,0.0,0.1,0.1,.053,-4.4,-0.6,-5.0,-0.1,,kellymi02
457,Johnny Juzang,24,MIN,SG,19,0,75,13.7,.519,.629,.229,7.4,15.8,11.7,11.7,1.3,0.0,9.4,23.8,0.0,0.1,0.1,.062,-1.1,-1.7,-2.8,0.0,,juzanjo01
458,Lachlan Olbrich,22,CHI,C,11,0,74,1.6,.202,.444,.222,10.3,21.3,15.9,14.1,0.0,0.0,28.8,7.9,-0.1,0.0,0.0,-0.031,-8.8,-0.2,-9.0,-0.1,,olbrila01
459,Eric Gordon,37,PHI,SG,6,0,74,14.5,.754,.667,.095,1.5,1.5,1.5,5.9,2.6,1.2,12.1,14.2,0.1,0.1,0.2,.118,2.1,0.2,2.2,0.1,,gordoer01
460,Moritz Wagner,28,ORL,C,7,0,72,15.7,.563,.400,.300,3.0,23.4,13.1,6.7,2.0,0.0,9.9,29.4,0.0,0.1,0.1,.069,-1.2,-1.3,-2.5,0.0,,wagnemo01
461,Doug McDermott,34,SAC,SF,7,0,70,4.4,.522,1.000,.000,0.0,8.1,4.0,3.9,0.0,1.3,11.5,15.9,-0.1,0.0,-0.1,-0.055,-3.9,-3.3,-7.2,-0.1,,mcderdo01
462,Jalen Green,23,PHO,SG,5,2,70,20.0,.580,.565,.196,3.1,14.5,8.7,22.3,2.1,0.0,12.3,34.2,0.1,0.1,0.2,.103,4.3,-0.5,3.8,0.1,,greenja05
463,Javonte Cooke,26,POR,SG,11,0,69,4.5,.341,.556,.074,3.1,12.7,7.8,13.8,3.4,0.0,15.2,19.3,-0.2,0.1,-0.1,-0.082,-7.2,0.6,-6.6,-0.1,,cookeja01
464,Jeff Green,39,HOU,PF,16,0,68,12.1,.615,.692,.000,1.6,11.4,6.5,4.2,0.0,1.4,3.7,16.5,0.1,0.0,0.2,.127,0.6,-2.1,-1.5,0.0,,greenje02
465,Joe Ingles,38,MIN,SF,16,0,68,9.1,.635,.714,.286,0.0,7.9,4.0,22.7,4.9,0.0,43.2,8.6,0.0,0.1,0.1,.083,-3.9,4.3,0.4,0.0,,inglejo01
466,David Jones García,24,SAS,SF,11,0,68,21.2,.579,.200,.240,6.4,14.0,10.3,38.8,4.2,1.3,15.3,20.3,0.1,0.1,0.3,.202,2.6,3.6,6.2,0.1,,jonesda06
467,Elijah Harkless,25,UTA,SG,7,0,66,7.5,.568,.636,.818,3.3,6.8,5.0,9.4,2.9,0.0,16.7,11.3,0.0,0.0,0.0,.029,-4.7,1.5,-3.2,0.0,,harklej01
468,Bismack Biyombo,33,SAS,C,12,1,65,5.2,.654,.000,.333,3.4,8.1,5.8,5.7,2.2,1.4,30.4,6.4,0.0,0.1,0.1,.063,-5.4,1.7,-3.7,0.0,,biyombi01
469,Monte Morris,30,IND,PG,6,0,65,7.0,.414,.400,.200,1.6,10.3,5.8,19.4,0.7,1.3,8.4,15.4,-0.1,0.0,0.0,-0.018,-4.5,-1.4,-5.9,-0.1,,morrimo01
470,Drew Peterson,26,CHO,PF,6,0,64,0.6,.148,.750,.125,5.5,10.3,8.0,3.8,2.3,1.4,0.0,11.1,-0.2,0.1,-0.1,-0.090,-8.3,-1.8,-10.1,-0.1,,peterdr01
471,Bobi Klintman,22,DET,SF,8,0,60,3.0,.364,.500,.136,9.3,21.9,15.7,8.6,1.6,0.0,17.7,19.4,-0.2,0.1,-0.1,-0.064,-8.9,-1.9,-10.8,-0.1,,klintbo01
472,James Wiseman,24,IND,C,4,1,58,4.2,.597,.000,.200,8.9,5.8,7.4,7.2,0.0,1.5,31.5,11.5,0.0,0.0,0.0,-0.021,-8.0,-1.0,-8.9,-0.1,,wisemja01
473,Pacome Dadiet,20,NYK,SG,18,0,57,8.7,.372,.556,.444,1.9,19.6,10.5,16.5,1.7,0.0,0.0,7.9,0.0,0.1,0.1,.094,-3.5,2.2,-1.3,0.0,,dadiepa01
474,Antonio Reeves,25,CHO,SG,7,0,56,11.5,.656,.625,.000,2.1,7.9,5.0,5.0,0.9,0.0,0.0,12.0,0.1,0.0,0.1,.116,-0.1,0.3,0.2,0.0,,reevean01
475,Tolu Smith,25,DET,PF,5,0,55,23.3,.602,.000,1.000,20.3,35.8,28.1,9.5,1.7,9.0,15.6,19.1,0.1,0.1,0.3,.246,1.7,3.4,5.1,0.1,,smithto05
476,Cody Martin,30,IND,SF,4,0,55,3.0,.277,.500,.600,1.9,26.3,13.6,4.6,3.5,3.2,24.0,12.8,-0.2,0.1,-0.1,-0.093,-10.0,2.3,-7.8,-0.1,,martico01
477,Caleb Houstan,23,ATL,SF,10,0,49,11.5,.705,.800,.200,8.8,2.2,5.5,5.4,1.0,1.9,19.7,17.4,0.0,0.0,0.1,.068,-1.0,-2.8,-3.8,0.0,,houstca01
478,Matisse Thybulle,28,POR,SG,4,0,49,21.6,.850,.600,.400,0.0,8.9,4.4,8.6,9.7,0.0,7.8,10.6,0.2,0.1,0.3,.283,0.4,10.7,11.1,0.2,,thybuma01
479,Thanasis Antetokounmpo,33,MIL,SF,15,0,45,19.0,.612,.071,.643,7.6,9.9,8.8,3.3,6.5,6.4,14.3,20.6,0.0,0.1,0.1,.136,-2.8,4.1,1.2,0.0,,antetth01
480,Kyle Lowry,39,PHI,PG,6,0,45,3.6,.375,1.000,.000,0.0,7.5,3.7,19.3,1.1,0.0,20.0,9.4,0.0,0.0,0.0,-0.012,-6.4,-1.8,-8.2,-0.1,,lowryky01
481,Kobe Bufkin,22,LAL,SG,4,0,45,9.1,.505,.636,.182,2.7,10.1,6.5,5.7,1.1,6.3,7.8,12.4,0.0,0.0,0.0,.044,-2.8,-1.6,-4.4,0.0,,bufkiko01
482,Wendell Moore Jr.,24,DET,SG,3,0,43,7.7,.500,.167,.000,2.6,7.6,5.1,8.5,2.2,2.3,14.3,6.7,0.0,0.1,0.1,.075,-3.9,1.5,-2.4,0.0,,moorewe01
483,Trey Alexander,22,NOP,SG,5,0,42,13.6,.778,.333,.000,0.0,10.6,5.2,16.4,1.1,2.3,10.0,9.9,0.1,0.0,0.1,.127,0.4,0.2,0.6,0.0,,alexatr01
484,Johni Broome,23,PHI,C,8,0,41,2.4,.230,.150,.200,15.8,19.2,17.5,13.0,2.4,0.0,8.4,24.5,-0.2,0.1,-0.1,-0.171,-10.2,-5.0,-15.3,-0.1,,broomjo01
485,Dario Šarić,31,SAC,C,5,0,41,0.7,.363,.500,.333,2.7,13.9,8.2,5.9,0.0,0.0,22.5,9.3,-0.1,0.0,-0.1,-0.079,-6.8,-2.2,-9.0,-0.1,,saricda01
486,E.J. Liddell,25,BRK,PF,9,0,39,13.9,.594,.692,.231,8.5,18.8,13.4,0.0,1.3,0.0,0.0,16.1,0.1,0.0,0.1,.112,-0.1,-3.1,-3.2,0.0,,liddeej01
487,Trey Jemison,26,NYK,C,6,0,38,9.5,1.017,.000,.333,14.0,14.7,14.4,3.3,0.0,5.3,46.6,7.1,0.0,0.0,0.1,.088,-5.6,-0.7,-6.3,0.0,,jemistr01
488,Garrett Temple,39,TOR,SG,13,0,36,2.1,.254,.714,.286,0.0,12.6,6.2,13.1,4.1,2.7,27.6,12.9,-0.1,0.1,-0.1,-0.086,-9.1,2.1,-6.9,0.0,,templga01
489,Ron Harper Jr.,25,BOS,SF,7,0,35,12.4,.406,.750,.000,9.5,9.4,9.5,15.3,1.4,8.7,5.9,21.0,0.0,0.0,0.0,.051,-1.2,0.1,-1.1,0.0,,harpero02
490,Tyson Etienne,26,BRK,PG,8,0,34,-1.2,.400,.867,.000,0.0,0.0,0.0,4.4,0.0,0.0,6.3,20.6,-0.1,0.0,-0.1,-0.137,-8.8,-5.7,-14.5,-0.1,,etienty01
491,Mac McClung,27,IND,SG,3,0,34,13.1,.481,.556,.222,0.0,13.1,6.3,4.8,7.0,2.6,9.2,27.0,-0.1,0.1,0.0,.000,-5.7,6.2,0.5,0.0,,mccluma01
492,Emanuel Miller,25,CHI,PF,5,0,33,15.2,.540,.462,.154,3.3,6.4,4.9,17.1,2.9,0.0,0.0,17.8,0.1,0.0,0.1,.115,1.7,0.9,2.6,0.0,,milleem01
493,Jahmyl Telfort,24,LAC,PF,8,0,32,-5.4,.087,1.000,1.000,0.0,10.7,5.5,3.8,1.6,0.0,14.8,9.4,-0.1,0.0,-0.1,-0.169,-12.1,-1.8,-14.0,-0.1,,telfoja01
494,Sharife Cooper,24,WAS,PG,6,0,32,-0.1,.417,.500,.000,0.0,6.6,3.3,11.8,1.5,0.0,33.3,11.7,-0.1,0.0,-0.1,-0.120,-10.7,-2.8,-13.6,-0.1,,coopesh01
495,Seth Curry,35,GSW,SG,2,0,32,18.6,.778,.444,.000,3.4,10.4,6.9,14.1,3.0,0.0,0.0,11.8,0.1,0.0,0.2,.225,1.5,3.8,5.3,0.1,,curryse01
496,Curtis Jones,24,DEN,SG,6,0,31,1.4,.321,.643,.000,3.8,13.9,9.1,12.8,0.0,0.0,6.7,21.3,-0.1,0.0,-0.1,-0.141,-9.7,-5.9,-15.6,-0.1,,jonescu01
497,Charles Bassey,25,MEM,C,2,0,31,12.6,.376,.000,.375,24.0,27.2,25.6,8.5,1.5,3.0,9.7,13.7,0.0,0.1,0.1,.087,-3.0,-1.0,-4.1,0.0,,bassech01
498,Hunter Sallis,22,PHI,SG,7,0,26,2.0,.595,.000,.400,0.0,4.3,2.1,21.0,0.0,3.5,46.0,17.7,-0.1,0.0,-0.1,-0.146,-7.7,-3.0,-10.8,-0.1,,sallihu01
499,Mark Sears,23,MIL,PG,7,0,26,15.2,.666,.615,.615,4.4,4.3,4.3,12.4,0.0,0.0,19.5,34.9,0.0,0.0,0.0,.020,2.3,-4.6,-2.3,0.0,,searsma01
500,Jahmai Mashack,23,MEM,SG,7,0,25,0.7,.375,.750,.000,0.0,21.1,10.6,10.3,1.9,0.0,27.3,18.2,-0.1,0.0,-0.1,-0.142,-9.5,-0.9,-10.4,-0.1,,mashaja01
501,Orlando Robinson,25,ORL,C,4,1,25,14.7,.700,.400,.000,8.7,9.0,8.9,16.3,1.9,0.0,0.0,8.4,0.1,0.0,0.1,.191,0.6,0.5,1.0,0.0,,robinor01
502,Jahmir Young,25,MIA,PG,5,0,24,6.4,.455,.455,.000,0.0,8.6,4.3,22.6,1.9,0.0,15.4,21.9,0.0,0.0,0.0,-0.040,-6.5,-1.1,-7.5,0.0,,youngja05
503,DeAndre Jordan,37,NOP,C,2,1,23,18.3,.765,.000,.400,18.3,29.0,23.5,0.0,0.0,0.0,14.5,12.4,0.1,0.0,0.1,.142,2.0,-2.7,-0.7,0.0,,jordade01
504,TyTy Washington Jr.,24,LAC,PG,2,0,22,30.0,.778,.444,.000,0.0,5.2,2.7,25.1,4.6,4.3,0.0,18.2,0.1,0.0,0.1,.307,9.0,4.6,13.6,0.1,,washity02
505,Daeqwon Plowden,27,SAC,SG,2,0,21,2.5,.250,.625,.000,10.5,10.9,10.7,6.3,0.0,0.0,0.0,16.3,-0.1,0.0,-0.1,-0.139,-6.4,-4.2,-10.6,0.0,,plowdda01
506,Brandon Clarke,29,MEM,PF,2,2,20,12.3,.372,.000,.444,21.3,10.5,15.9,7.1,4.7,0.0,0.0,22.2,0.0,0.0,0.0,.063,-4.6,0.2,-4.4,0.0,,clarkbr01
507,Malevy Leons,26,GSW,SF,4,0,18,12.7,.436,.333,.333,12.1,37.0,24.4,7.5,2.7,0.0,12.7,18.4,0.0,0.0,0.0,.065,-3.1,0.5,-2.6,0.0,,leonsma01
508,Isaac Jones,25,2TM,PF,4,1,18,7.3,.512,.500,.500,12.2,0.0,6.2,7.0,0.0,0.0,0.0,11.4,0.0,0.0,0.0,.071,-6.2,-2.3,-8.5,0.0,,jonesis01
509,Isaac Jones,25,SAC,PF,3,1,17,5.7,.521,.500,1.000,12.9,0.0,6.6,7.4,0.0,0.0,0.0,7.3,0.0,0.0,0.0,.062,-6.4,-1.8,-8.3,0.0,,jonesis01
510,Isaac Jones,25,DET,PF,1,0,1,34.1,.500,.500,.000,0.0,0.0,0.0,0.0,0.0,0.0,0.0,82.2,0.0,0.0,0.0,.220,-2.6,-9.9,-12.5,0.0,,jonesis01
511,Jacob Toppin,25,ATL,SF,5,0,17,15.1,.667,.000,.000,0.0,6.5,3.2,8.9,0.0,5.3,0.0,14.8,0.0,0.0,0.0,.115,-0.3,0.3,0.0,0.0,,toppija01
512,Chris Livingston,22,CLE,SF,3,0,17,15.3,.605,.429,.143,0.0,19.3,9.6,8.9,2.8,0.0,0.0,18.1,0.0,0.0,0.1,.164,-4.8,2.0,-2.7,0.0,,livinch01
513,N'Faly Dante,24,ATL,C,4,0,15,12.4,.338,.000,.250,21.5,29.3,25.3,0.0,6.3,0.0,18.4,15.2,0.0,0.0,0.0,.040,-3.9,-1.1,-5.0,0.0,,nfalyda01
514,Oscar Tshiebwe,26,UTA,C,1,0,15,7.3,.225,.000,.250,14.4,29.7,21.9,8.3,3.1,0.0,0.0,12.3,0.0,0.0,0.0,-0.031,-4.0,-1.8,-5.8,0.0,,tshieos01
515,Chris Mañon,24,LAL,SG,4,0,14,7.3,.000,1.000,.000,8.6,16.2,12.5,0.0,3.5,13.5,0.0,3.1,0.0,0.0,0.0,.067,-5.6,5.0,-0.6,0.0,,manonch01
516,Chucky Hepburn,22,TOR,PG,2,0,13,-13.6,.000,.833,.000,0.0,8.7,4.3,17.6,3.8,0.0,14.3,23.0,-0.1,0.0,-0.1,-0.441,-20.9,-3.2,-24.1,-0.1,,hepbuch01
517,Patrick Baldwin Jr.,23,LAC,SF,2,0,12,23.8,1.025,.750,.500,0.0,9.5,4.9,0.0,0.0,0.0,17.0,21.8,0.1,0.0,0.1,.205,5.2,-0.5,4.8,0.0,,baldwpa01
518,Harrison Ingram,23,SAS,SF,3,0,11,20.5,.833,.333,.000,29.8,0.0,14.7,0.0,0.0,0.0,0.0,11.5,0.1,0.0,0.1,.280,7.5,-2.5,5.1,0.0,,ingraha01
519,Tosan Evbuomwan,24,NYK,SF,5,0,8,-0.3,.000,.000,.000,13.3,14.0,13.6,0.0,0.0,0.0,0.0,5.2,0.0,0.0,0.0,-0.032,-8.4,-3.2,-11.6,0.0,,evbuoto01
520,LJ Cryer,24,GSW,PG,3,0,8,14.0,.600,.800,.000,0.0,13.9,6.9,0.0,0.0,0.0,0.0,26.3,0.0,0.0,0.0,.062,-0.3,-2.1,-2.4,0.0,,cryerlj01
521,Riley Minix,25,SAS,SF,3,0,8,45.4,.750,.500,.000,13.6,13.2,13.4,33.5,6.0,0.0,0.0,31.7,0.1,0.0,0.1,.425,17.9,7.2,25.2,0.1,,minixri01
522,Koby Brea,23,PHO,SG,2,0,8,18.5,.515,.667,.667,0.0,14.1,6.9,33.9,0.0,0.0,0.0,20.4,0.0,0.0,0.0,.205,-0.5,-2.4,-2.9,0.0,,breako01
523,Isaiah Crawford,24,HOU,SF,3,0,7,-5.3,.000,1.000,.000,0.0,0.0,0.0,0.0,0.0,0.0,0.0,6.0,0.0,0.0,0.0,-0.115,-10.1,-4.8,-14.9,0.0,,crawfis01
524,Colby Jones,23,DET,SG,1,0,7,13.0,.333,.667,.000,0.0,62.5,31.6,38.2,0.0,0.0,0.0,17.6,0.0,0.0,0.0,.123,-3.3,5.5,2.2,0.0,,jonesco02
525,Mo Bamba,27,TOR,C,2,0,6,-2.8,.000,.000,.000,18.4,18.9,18.7,0.0,0.0,16.5,0.0,14.2,0.0,0.0,0.0,-0.161,-19.0,-2.7,-21.7,0.0,,bambamo01
526,Noa Essengue,19,CHI,PF,2,0,6,-12.1,.000,.667,.000,0.0,0.0,0.0,0.0,7.9,0.0,0.0,21.1,-0.1,0.0,-0.1,-0.419,-20.5,-3.2,-23.7,0.0,,essenno01
527,Trentyn Flowers,20,CHI,SF,2,0,6,16.8,.667,.333,.000,18.2,0.0,8.9,29.8,0.0,0.0,25.0,28.2,0.0,0.0,0.0,.027,1.9,-2.9,-1.0,0.0,,flowetr01
528,Hunter Dickinson,25,NOP,C,1,0,5,-11.0,.500,.000,.000,0.0,0.0,0.0,0.0,0.0,19.4,50.0,33.2,-0.1,0.0,-0.1,-0.521,-26.7,0.7,-26.0,0.0,,dickihu01
529,Dillon Jones,24,NYK,SF,1,0,4,28.7,1.500,1.000,.000,0.0,0.0,0.0,0.0,0.0,0.0,0.0,10.5,0.0,0.0,0.0,.207,15.4,3.3,18.7,0.0,,jonesdi01
530,Skal Labissière,29,WAS,PF,1,0,4,-9.3,.000,1.000,.000,0.0,26.5,13.1,0.0,0.0,0.0,0.0,10.4,0.0,0.0,0.0,-0.230,-19.7,-5.8,-25.5,0.0,,labissk01
531,Isaiah Stevens,25,SAC,PG,1,0,4,38.8,1.136,,,0.0,0.0,0.0,29.5,12.1,0.0,0.0,9.4,0.0,0.0,0.0,.564,13.8,21.0,34.8,0.0,,steveis01
532,Vladislav Goldin,24,MIA,C,1,0,1,27.5,,,,0.0,0.0,0.0,100.0,0.0,0.0,,0.0,0.0,0.0,0.0,.392,17.7,26.4,44.1,0.0,,goldivl01
,League Average,,,,,,,,.580,.414,.266,5.2,14.8,10.0,16.2,1.7,1.9,12.2,19.9,,,,,,,,,,-9999